"d-inline-block href","img-fluid src","shipping-free-label","product-title","product-brand","product-main-price","price-discount","price-dicount-text","text_discount_avista_list_products","product-price-simulator","product-price-simulator 2","product-price-simulator 3","product-price-simulator 4","product-price-simulator 5","d-block","product-price-discount","product-price-discount 2","btn","btn href","shipping-free-label 2"
"https://protechorse.com.br/barrigueira-air-flex-larga-weaver-135","https://img.irroba.com.br/fit-in/250x250/filters:format(webp):fill(fff):quality(80)/protecho/catalog/barrigueira-weaver-estreita-e-larga/barrigueira-air-flex-larga-weaver-1.jpg","Frete grátis","Barrigueira Air Flex Larga - Weaver - 12218","Weaver","R$ 800,00","R$ 720,00","à vista","no Pix","em","R$ 800,00","10x","de","R$ 80,00","(*) Em compras à partir de R$ 99,99","à vista no Pix *","ou","COMPRAR","https://protechorse.com.br/barrigueira-air-flex-larga-weaver-135",""
"https://protechorse.com.br/barrigueira-air-flex-estreita-weaver-32-141","https://img.irroba.com.br/fit-in/250x250/filters:format(webp):fill(fff):quality(80)/protecho/catalog/barrigueira-weaver-estreita-e-larga/barrigueira-air-flex-estreita-weaver-1.jpg","Frete grátis","Barrigueira Air Flex Estreita - Weaver - 12225","Weaver","R$ 750,00","R$ 675,00","à vista","no Pix","em","R$ 750,00","10x","de","R$ 75,00","(*) Em compras à partir de R$ 99,99","à vista no Pix *","ou","COMPRAR","https://protechorse.com.br/barrigueira-air-flex-estreita-weaver-32-141",""
"https://protechorse.com.br/paralama-infantil-para-sela-300","https://img.irroba.com.br/fit-in/250x250/filters:format(webp):fill(fff):quality(80)/protecho/catalog/classic/15748764-1302090666529433-1092720388-o.jpg","Frete grátis","Paralama em neoprene - Infantil - 12383","Protec Horse/Master Selas","R$ 340,00","R$ 306,00","à vista","no Pix","em","R$ 340,00","4x","de","R$ 85,00","(*) Em compras à partir de R$ 99,99","à vista no Pix *","ou","COMPRAR","https://protechorse.com.br/paralama-infantil-para-sela-300","- SÃO PAULO"
"https://protechorse.com.br/barrigueira-wind-32-boots-horse-vermelha-324","https://img.irroba.com.br/fit-in/250x250/filters:format(webp):fill(fff):quality(80)/protecho/catalog/barrigueira-boos-horse-air-flex-preta-wind8520.jpg","Frete grátis","Barrigueira Wind estreita 32"" - Boots Horse - Colo...","Boots Horse","R$ 330,00","R$ 297,00","à vista","no Pix","em","R$ 330,00","4x","de","R$ 82,50","(*) Em compras à partir de R$ 99,99","à vista no Pix *","ou","COMPRAR","https://protechorse.com.br/barrigueira-wind-32-boots-horse-vermelha-324","- SÃO PAULO"
"https://protechorse.com.br/manta-boots-horse-freedom-tambor-peso-pelego","https://img.irroba.com.br/fit-in/250x250/filters:format(webp):fill(fff):quality(80)/protecho/catalog/manta-de-peso/manta-boots-horse-freedom-wool-tambor-peso-pelego-marrom-preta.jpg","Frete grátis","Manta Boots Horse Freedom Tambor - Peso - Pelego ...","Boots Horse","R$ 890,00","R$ 801,00","à vista","no Pix","em","R$ 890,00","10x","de","R$ 89,00","(*) Em compras à partir de R$ 99,99","à vista no Pix *","ou","COMPRAR","https://protechorse.com.br/manta-boots-horse-freedom-tambor-peso-pelego",""
"https://protechorse.com.br/manta-boots-horse-flex-chip-104","https://img.irroba.com.br/fit-in/250x250/filters:format(webp):fill(fff):quality(80)/protecho/catalog/manta-boots-horse/ffddb592-8e44-4c82-9a05-2e900ec5a7ed.jpg","Frete grátis","Manta Boots Horse Flex Chip feltro - Tambor - 1290","Boots Horse","R$ 560,00","R$ 504,00","à vista","no Pix","em","R$ 560,00","8x","de","R$ 70,00","(*) Em compras à partir de R$ 99,99","à vista no Pix *","ou","COMPRAR","https://protechorse.com.br/manta-boots-horse-flex-chip-104",""
"https://protechorse.com.br/manta-boots-horse-flex-chip-tambor-flex-chip-quadrada-feltro-12903","https://img.irroba.com.br/fit-in/250x250/filters:format(webp):fill(fff):quality(80)/protecho/catalog/manta-flex-chip/preto.jpg","Frete grátis","Manta Boots Horse Tambor Flex Chip Quadrada Feltro...","Boots Horse","R$ 560,00","R$ 504,00","à vista","no Pix","em","R$ 560,00","8x","de","R$ 70,00","(*) Em compras à partir de R$ 99,99","à vista no Pix *","ou","COMPRAR","https://protechorse.com.br/manta-boots-horse-flex-chip-tambor-flex-chip-quadrada-feltro-12903",""
"https://protechorse.com.br/manta-couro-de-bode-666","https://img.irroba.com.br/fit-in/250x250/filters:format(webp):fill(fff):quality(80)/protecho/catalog/manta-couro-de-bode/couro-bode.jpg","","Manta - Couro de Bode - 13159","","R$ 120,00","R$ 108,00","à vista","no Pix","em","R$ 120,00","1x","de","R$ 120,00","(*) Em compras à partir de R$ 99,99","à vista no Pix *","ou","COMPRAR","https://protechorse.com.br/manta-couro-de-bode-666",""
"https://protechorse.com.br/barrigueira-estreita-protec-horse-100","https://img.irroba.com.br/fit-in/250x250/filters:format(webp):fill(fff):quality(80)/protecho/catalog/barbela-de-couro/frente-e-verso.jpg","Frete grátis","Barrigueira Estreita 32"" - Protec Horse - 13161","Protec Horse","R$ 290,00","R$ 261,00","à vista","no Pix","em","R$ 290,00","4x","de","R$ 72,50","(*) Em compras à partir de R$ 99,99","à vista no Pix *","ou","COMPRAR","https://protechorse.com.br/barrigueira-estreita-protec-horse-100","- SÃO PAULO"
"https://protechorse.com.br/barrigueira-larga-protec-horse-101","https://img.irroba.com.br/fit-in/250x250/filters:format(webp):fill(fff):quality(80)/protecho/catalog/barrigueira-larga.jpg","Frete grátis","Barrigueira Larga 32"" - Protec Horse - 13162","Protec Horse","R$ 350,00","R$ 315,00","à vista","no Pix","em","R$ 350,00","5x","de","R$ 70,00","(*) Em compras à partir de R$ 99,99","à vista no Pix *","ou","COMPRAR","https://protechorse.com.br/barrigueira-larga-protec-horse-101","- SÃO PAULO"
"https://protechorse.com.br/refil-barrigueira-estreita-protec-horse-102","https://img.irroba.com.br/fit-in/250x250/filters:format(webp):fill(fff):quality(80)/protecho/catalog/barrigueira-protec/8ba5a8ab-f96f-40f0-92cf-973c42abbf56.jpg","","Refil Barrigueira Estreita - Protec Horse - 13163","Protec Horse","R$ 100,00","R$ 90,00","à vista","no Pix","em","R$ 100,00","1x","de","R$ 100,00","(*) Em compras à partir de R$ 99,99","à vista no Pix *","ou","COMPRAR","https://protechorse.com.br/refil-barrigueira-estreita-protec-horse-102",""
"https://protechorse.com.br/refil-barrigueira-larga-protec-horse-103","https://img.irroba.com.br/fit-in/250x250/filters:format(webp):fill(fff):quality(80)/protecho/catalog/barrigueira-protec/9ce23623-e7ce-4c0d-946c-a239066dc169.jpg","","Refil Barrigueira Larga - Protec Horse - 13164","Protec Horse","R$ 130,00","R$ 117,00","à vista","no Pix","em","R$ 130,00","1x","de","R$ 130,00","(*) Em compras à partir de R$ 99,99","à vista no Pix *","ou","COMPRAR","https://protechorse.com.br/refil-barrigueira-larga-protec-horse-103",""
"https://protechorse.com.br/estribo-importado-antiderrapante-72306","https://img.irroba.com.br/fit-in/250x250/filters:format(webp):fill(fff):quality(80)/protecho/catalog/estriboprotechorseimportado.jpg","Frete grátis","Estribo Protec Horse - Modelo importado com Antide...","Protec Horse","R$ 280,00","R$ 252,00","à vista","no Pix","em","R$ 280,00","4x","de","R$ 70,00","(*) Em compras à partir de R$ 99,99","à vista no Pix *","ou","COMPRAR","https://protechorse.com.br/estribo-importado-antiderrapante-72306","- SÃO PAULO"
"https://protechorse.com.br/estribo-importado-preto-marrom-72307","https://img.irroba.com.br/fit-in/250x250/filters:format(webp):fill(fff):quality(80)/protecho/catalog/estribos-9-4-18/estribo-090418-06.jpg","Frete grátis","Estribo Protec Horse Alumínio Adulto - Simples - 1...","Protec Horse","R$ 220,00","R$ 198,00","à vista","no Pix","em","R$ 220,00","3x","de","R$ 73,33","(*) Em compras à partir de R$ 99,99","à vista no Pix *","ou","COMPRAR","https://protechorse.com.br/estribo-importado-preto-marrom-72307","- SÃO PAULO"
"https://protechorse.com.br/estribo-de-aluminio-havana-72308","https://img.irroba.com.br/fit-in/250x250/filters:format(webp):fill(fff):quality(80)/protecho/catalog/estribos-9-4-18/estribo-090418-02.jpg","","Estribo Equitech de Alumínio Infantil - Havana - 1...","Equitech","R$ 190,00","R$ 171,00","à vista","no Pix","em","R$ 190,00","2x","de","R$ 95,00","(*) Em compras à partir de R$ 99,99","à vista no Pix *","ou","COMPRAR","https://protechorse.com.br/estribo-de-aluminio-havana-72308",""
"https://protechorse.com.br/estribo-de-aluminio-infantil-72309","https://img.irroba.com.br/fit-in/250x250/filters:format(webp):fill(fff):quality(80)/protecho/catalog/estribos-9-4-18/estribo-090418-01.jpg","","Estribo Protec Horse Alumínio Infantil - Simples/P...","Protec Horse","R$ 190,00","R$ 171,00","à vista","no Pix","em","R$ 190,00","2x","de","R$ 95,00","(*) Em compras à partir de R$ 99,99","à vista no Pix *","ou","COMPRAR","https://protechorse.com.br/estribo-de-aluminio-infantil-72309",""
"https://protechorse.com.br/estribo-importado-bege-72310","https://img.irroba.com.br/fit-in/250x250/filters:format(webp):fill(fff):quality(80)/protecho/catalog/estribos/estribo-importado.jpg","Frete grátis","Estribo Partrade importado - #254573 - 13746","Partrade & The Epic Animal","R$ 900,00","R$ 810,00","à vista","no Pix","em","R$ 900,00","10x","de","R$ 90,00","(*) Em compras à partir de R$ 99,99","à vista no Pix *","ou","COMPRAR","https://protechorse.com.br/estribo-importado-bege-72310",""
"https://protechorse.com.br/manta-boots-horse-vaquejada-86532","https://img.irroba.com.br/fit-in/250x250/filters:format(webp):fill(transparent):quality(80)/protecho/catalog/kit-simples-color-boots-horse/protetor-coluna/manta-boots-horse-redonda.png","Frete grátis","Manta Boots Horse - Vaquejada - 13825","","R$ 480,00","R$ 432,00","à vista","no Pix","em","R$ 480,00","6x","de","R$ 80,00","(*) Em compras à partir de R$ 99,99","à vista no Pix *","ou","COMPRAR","https://protechorse.com.br/manta-boots-horse-vaquejada-86532",""
"https://protechorse.com.br/manta-mustang-canyon-wool-botton-importada-estampa-01-14009","https://img.irroba.com.br/fit-in/250x250/filters:format(webp):fill(fff):quality(80)/protecho/catalog/manta-mustang-canyon-wool-botton/cb1319-pub20191204142829.jpg","Frete grátis","Manta Mustang Canyon Wool Botton Importada - Verde...","Mustang","R$ 880,00","R$ 792,00","à vista","no Pix","em","R$ 880,00","10x","de","R$ 88,00","(*) Em compras à partir de R$ 99,99","à vista no Pix *","ou","COMPRAR","https://protechorse.com.br/manta-mustang-canyon-wool-botton-importada-estampa-01-14009",""
"https://protechorse.com.br/manta-mustang-canyon-wool-botton-importada-estampa-02-14010","https://img.irroba.com.br/fit-in/250x250/filters:format(webp):fill(fff):quality(80)/protecho/catalog/manta-mustang-canyon-wool-botton/cb1319-bkb20191204142829.jpg","Frete grátis","Manta Mustang Canyon Wool Botton Importada - Rosa ...","Mustang","R$ 880,00","R$ 792,00","à vista","no Pix","em","R$ 880,00","10x","de","R$ 88,00","(*) Em compras à partir de R$ 99,99","à vista no Pix *","ou","COMPRAR","https://protechorse.com.br/manta-mustang-canyon-wool-botton-importada-estampa-02-14010",""
"https://protechorse.com.br/manta-mustang-canyon-wool-botton-importada-estampa-03-14011","https://img.irroba.com.br/fit-in/250x250/filters:format(webp):fill(fff):quality(80)/protecho/catalog/manta-mustang-canyon-wool-botton/cb1319-tbk-380x19720191204141238.jpg","Frete grátis","Manta Mustang Canyon Wool Botton Importada - Estam...","Mustang","R$ 880,00","R$ 792,00","à vista","no Pix","em","R$ 880,00","10x","de","R$ 88,00","(*) Em compras à partir de R$ 99,99","à vista no Pix *","ou","COMPRAR","https://protechorse.com.br/manta-mustang-canyon-wool-botton-importada-estampa-03-14011",""
"https://protechorse.com.br/paralama-em-couro-adulto-14021","https://img.irroba.com.br/fit-in/250x250/filters:format(webp):fill(fff):quality(80)/protecho/catalog/paralam-adulto-couro.jpg","Frete grátis","Paralama em Couro - Adulto - 14021","Protec Horse/Master Selas","R$ 450,00","R$ 405,00","à vista","no Pix","em","R$ 450,00","6x","de","R$ 75,00","(*) Em compras à partir de R$ 99,99","à vista no Pix *","ou","COMPRAR","https://protechorse.com.br/paralama-em-couro-adulto-14021",""
"https://protechorse.com.br/latico-protec-horse-14790","https://img.irroba.com.br/fit-in/250x250/filters:format(webp):fill(transparent):quality(80)/protecho/catalog/acessorios/latico-nacional.PNG","","Latico - Protec Horse - 14790","Mustang","R$ 75,00","R$ 67,50","à vista","no Pix","em","R$ 75,00","1x","de","R$ 75,00","(*) Em compras à partir de R$ 99,99","à vista no Pix *","ou","COMPRAR","https://protechorse.com.br/latico-protec-horse-14790",""
"https://protechorse.com.br/contra-latico-protec-horse-14791","https://img.irroba.com.br/fit-in/250x250/filters:format(webp):fill(transparent):quality(80)/protecho/catalog/acessorios/contra-latico-nacional.PNG","","Contra Latico - Protec Horse - 14791","Mustang","R$ 70,00","R$ 63,00","à vista","no Pix","em","R$ 70,00","1x","de","R$ 70,00","(*) Em compras à partir de R$ 99,99","à vista no Pix *","ou","COMPRAR","https://protechorse.com.br/contra-latico-protec-horse-14791",""
"https://protechorse.com.br/manta-boots-horse-flex-chip-quadrada-peso-feltro-14902","https://img.irroba.com.br/fit-in/250x250/filters:format(webp):fill(fff):quality(80)/protecho/catalog/manta-de-peso/manta-boots-horse-flex-chip-tambor-peso-feltro-estampa.jpg","Frete grátis","Manta Boots Horse Flex Chip Tambor Quadrada - Peso...","Boots Horse","R$ 500,00","R$ 450,00","à vista","no Pix","em","R$ 500,00","7x","de","R$ 71,43","(*) Em compras à partir de R$ 99,99","à vista no Pix *","ou","COMPRAR","https://protechorse.com.br/manta-boots-horse-flex-chip-quadrada-peso-feltro-14902",""
"https://protechorse.com.br/manta-boots-horse-flex-chip-quadrada-peso-pelego-14903","https://img.irroba.com.br/fit-in/250x250/filters:format(webp):fill(fff):quality(80)/protecho/catalog/manta-flex-chip/manta-de-peso-pelego20190917151702.JPG","Frete grátis","Manta Boots Horse Flex Chip Tambor Quadrada - Peso...","Boots Horse","R$ 545,00","R$ 490,50","à vista","no Pix","em","R$ 545,00","7x","de","R$ 77,86","(*) Em compras à partir de R$ 99,99","à vista no Pix *","ou","COMPRAR","https://protechorse.com.br/manta-boots-horse-flex-chip-quadrada-peso-pelego-14903",""
"https://protechorse.com.br/estribo-de-aluminio-colorido-antiderrapante-15002","https://img.irroba.com.br/fit-in/250x250/filters:format(webp):fill(fff):quality(80)/protecho/catalog/estribos/estribo-color-0320191018092751.jpg","Frete grátis","Estribo Protec Horse de alumínio colorido Antiderr...","Protec Horse","R$ 320,00","R$ 288,00","à vista","no Pix","em","R$ 320,00","4x","de","R$ 80,00","(*) Em compras à partir de R$ 99,99","à vista no Pix *","ou","COMPRAR","https://protechorse.com.br/estribo-de-aluminio-colorido-antiderrapante-15002","- SÃO PAULO"
"https://protechorse.com.br/cilhao-kauana-15215","https://img.irroba.com.br/fit-in/250x250/filters:format(webp):fill(fff):quality(80)/protecho/catalog/barrigueiras/cilhao/cilhao-kauana20191121124312.JPG","Frete grátis","Cilhão - Kauana - 15215","Kauana","R$ 650,00","R$ 585,00","à vista","no Pix","em","R$ 650,00","9x","de","R$ 72,22","(*) Em compras à partir de R$ 99,99","à vista no Pix *","ou","COMPRAR","https://protechorse.com.br/cilhao-kauana-15215",""
"https://protechorse.com.br/refil-barrigueira-estreita-smart-choice-15583","https://img.irroba.com.br/fit-in/250x250/filters:format(webp):fill(fff):quality(80)/protecho/catalog/smart-choice/refil-barrigueira-smart.jpg","","Refil Barrigueira Estreita - Smart Choice 30"" - 15...","Smart Choice","R$ 130,00","R$ 117,00","à vista","no Pix","em","R$ 130,00","1x","de","R$ 130,00","(*) Em compras à partir de R$ 99,99","à vista no Pix *","ou","COMPRAR","https://protechorse.com.br/refil-barrigueira-estreita-smart-choice-15583",""
"https://protechorse.com.br/capa-de-crina-mreis-pescoco-paleta-azul-preta-15585","https://img.irroba.com.br/fit-in/250x250/filters:format(webp):fill(fff):quality(80)/protecho/catalog/mreis/capa-crina/pescoco-paleta/05.jpg","Frete grátis","Capa de crina Mreis pescoço / Paleta - 15585","Mreis","R$ 230,00","R$ 207,00","à vista","no Pix","em","R$ 230,00","3x","de","R$ 76,67","(*) Em compras à partir de R$ 99,99","à vista no Pix *","ou","COMPRAR","https://protechorse.com.br/capa-de-crina-mreis-pescoco-paleta-azul-preta-15585","- SÃO PAULO"
"https://protechorse.com.br/manta-boots-horse-tambor-impact-pad-quadrada-feltro15588","https://img.irroba.com.br/fit-in/250x250/filters:format(webp):fill(fff):quality(80)/protecho/catalog/boots/impact-pad/01.JPG","Frete grátis","Manta Boots Horse Tambor Impact Pad - Quadrada Fel...","Boots Horse","R$ 650,00","R$ 585,00","à vista","no Pix","em","R$ 650,00","9x","de","R$ 72,22","(*) Em compras à partir de R$ 99,99","à vista no Pix *","ou","COMPRAR","https://protechorse.com.br/manta-boots-horse-tambor-impact-pad-quadrada-feltro15588",""
"https://protechorse.com.br/barrigueira-wind-32-boots-horse-estampa-a31-16030","https://img.irroba.com.br/fit-in/250x250/filters:format(webp):fill(fff):quality(80)/protecho/catalog/barrigueirawindestampada/a01.jpg","Frete grátis","Barrigueira Wind estreita Boots Horse 32"" - Estamp...","Boots Horse","R$ 380,00","R$ 342,00","à vista","no Pix","em","R$ 380,00","5x","de","R$ 76,00","(*) Em compras à partir de R$ 99,99","à vista no Pix *","ou","COMPRAR","https://protechorse.com.br/barrigueira-wind-32-boots-horse-estampa-a31-16030","- SÃO PAULO"
"https://protechorse.com.br/manta-boots-horse-tambor-impact-pad-flexivel-quadrada-la-16043","https://img.irroba.com.br/fit-in/250x250/filters:format(webp):fill(fff):quality(80)/protecho/catalog/mantabootsimpactpad/manta-impact-pad-flex-feltro-cinza.jpg","Frete grátis","Manta Boots Horse Tambor Impact Pad Flexível - Qua...","Boots Horse","R$ 680,00","R$ 612,00","à vista","no Pix","em","R$ 680,00","9x","de","R$ 75,56","(*) Em compras à partir de R$ 99,99","à vista no Pix *","ou","COMPRAR","https://protechorse.com.br/manta-boots-horse-tambor-impact-pad-flexivel-quadrada-la-16043",""
"https://protechorse.com.br/manta-boots-horse-tambor-impact-pad-quadrada-la-16044","https://img.irroba.com.br/fit-in/250x250/filters:format(webp):fill(fff):quality(80)/protecho/catalog/boots/impact-pad/01.JPG","Frete grátis","Manta Boots Horse Tambor Impact Pad - Quadrada La ...","Boots Horse","R$ 680,00","R$ 612,00","à vista","no Pix","em","R$ 680,00","9x","de","R$ 75,56","(*) Em compras à partir de R$ 99,99","à vista no Pix *","ou","COMPRAR","https://protechorse.com.br/manta-boots-horse-tambor-impact-pad-quadrada-la-16044",""
"https://protechorse.com.br/manta-boots-horse-tambor-air-max-pad-quadrada-normal-neoprene-bege-16147","https://img.irroba.com.br/fit-in/250x250/filters:format(webp):fill(fff):quality(80)/protecho/catalog/mantabootsairmaxpad/fabdd1b9-d652-469a-8cfc-4220593d5e42.jpg","Frete grátis","Manta Boots Horse Tambor Air Max Pad Quadrada NORM...","Boots Horse","R$ 1.130,00","R$ 1.017,00","à vista","no Pix","em","R$ 1.130,00","10x","de","R$ 113,00","(*) Em compras à partir de R$ 99,99","à vista no Pix *","ou","COMPRAR","https://protechorse.com.br/manta-boots-horse-tambor-air-max-pad-quadrada-normal-neoprene-bege-16147",""
"https://protechorse.com.br/manta-boots-horse-laco-air-max-pad-neoprene-bege-16173","https://img.irroba.com.br/fit-in/250x250/filters:format(webp):fill(fff):quality(80)/protecho/catalog/mantabootsairmaxpad/4fc468fe-95a6-4747-bf0f-e96e28b11c25.jpg","Frete grátis","Manta Boots Horse Laco Air Max Pad - Neoprene Bege...","Boots Horse","R$ 1.130,00","R$ 1.017,00","à vista","no Pix","em","R$ 1.130,00","10x","de","R$ 113,00","(*) Em compras à partir de R$ 99,99","à vista no Pix *","ou","COMPRAR","https://protechorse.com.br/manta-boots-horse-laco-air-max-pad-neoprene-bege-16173",""
"https://protechorse.com.br/barrigueira-dry-boots-horse-larga-180","https://img.irroba.com.br/fit-in/250x250/filters:format(webp):fill(fff):quality(80)/protecho/catalog/barrigueiras/barrigueira-dry-preta.JPG","Frete grátis","Barrigueira Dry Boots Horse - Larga - 180","Boots Horse","R$ 340,00","R$ 306,00","à vista","no Pix","em","R$ 340,00","4x","de","R$ 85,00","(*) Em compras à partir de R$ 99,99","à vista no Pix *","ou","COMPRAR","https://protechorse.com.br/barrigueira-dry-boots-horse-larga-180","- SÃO PAULO"
"https://protechorse.com.br/barrigueira-dry-boots-horse-reta-2964","https://img.irroba.com.br/fit-in/250x250/filters:format(webp):fill(fff):quality(80)/protecho/catalog/barrigueiras/dry-reta-preta.JPG","Frete grátis","Barrigueira Dry Boots Horse - Reta - 2964","Boots Horse","R$ 290,00","R$ 261,00","à vista","no Pix","em","R$ 290,00","4x","de","R$ 72,50","(*) Em compras à partir de R$ 99,99","à vista no Pix *","ou","COMPRAR","https://protechorse.com.br/barrigueira-dry-boots-horse-reta-2964","- SÃO PAULO"
"https://protechorse.com.br/manta-boots-horse-tambor-air-max-pad-redonda-normal-neoprene-bege-02-16379","https://img.irroba.com.br/fit-in/250x250/filters:format(webp):fill(fff):quality(80)/protecho/catalog/mantabootsairmaxpad/manta-air-max-pad-boots-horse-redonda-diamante-bege.jpg","Frete grátis","Manta Boots Horse Tambor Air Max Pad Redonda NORMA...","Boots Horse","R$ 1.130,00","R$ 1.017,00","à vista","no Pix","em","R$ 1.130,00","10x","de","R$ 113,00","(*) Em compras à partir de R$ 99,99","à vista no Pix *","ou","COMPRAR","https://protechorse.com.br/manta-boots-horse-tambor-air-max-pad-redonda-normal-neoprene-bege-02-16379",""
"https://protechorse.com.br/manta-weaver-tambor-sinergy-2535","https://img.irroba.com.br/fit-in/250x250/filters:format(webp):fill(fff):quality(80)/protecho/catalog/manta-weaver/deadwood-baltic-purple.JPG","Frete grátis","Manta Weaver Tambor - Sinergy - 2535","Weaver","R$ 1.330,00","R$ 1.197,00","à vista","no Pix","em","R$ 1.330,00","10x","de","R$ 133,00","(*) Em compras à partir de R$ 99,99","à vista no Pix *","ou","COMPRAR","https://protechorse.com.br/manta-weaver-tambor-sinergy-2535",""
"https://protechorse.com.br/manta-boots-horse-tambor-air-max-pad-redonda-slim-neoprene-bege-16521","https://img.irroba.com.br/fit-in/250x250/filters:format(webp):fill(fff):quality(80)/protecho/catalog/mantabootsairmaxpad/slim/red-small-branco.jpg","Frete grátis","Manta Boots Horse Tambor Air Max Pad Redonda SLIM ...","Boots Horse","","","","","de","R$ 950,00","em","10x","R$ 95,00","(*) Em compras à partir de R$ 99,99","à vista no Pix *","ou","COMPRAR","https://protechorse.com.br/manta-boots-horse-tambor-air-max-pad-redonda-slim-neoprene-bege-16521",""
"https://protechorse.com.br/manta-boots-horse-tambor-air-max-pad-redonda-slim-pelego-16523","https://img.irroba.com.br/fit-in/250x250/filters:format(webp):fill(fff):quality(80)/protecho/catalog/airmaxslim-redonda-com-pelego.jpg","Frete grátis","Manta Boots Horse Tambor Air Max Pad Redonda SLIM ...","Boots Horse","","","","","de","R$ 950,00","em","10x","R$ 95,00","(*) Em compras à partir de R$ 99,99","à vista no Pix *","ou","COMPRAR","https://protechorse.com.br/manta-boots-horse-tambor-air-max-pad-redonda-slim-pelego-16523",""
"https://protechorse.com.br/manta-boots-horse-tambor-impact-pad-flexivel-quadrada-feltro-16552","https://img.irroba.com.br/fit-in/250x250/filters:format(webp):fill(fff):quality(80)/protecho/catalog/mantabootsimpactpad/manta-impact-pad-flex-feltro-cinza.jpg","Frete grátis","Manta Boots Horse Tambor Impact Pad Flexível - Qua...","Boots Horse","R$ 650,00","R$ 585,00","à vista","no Pix","em","R$ 650,00","9x","de","R$ 72,22","(*) Em compras à partir de R$ 99,99","à vista no Pix *","ou","COMPRAR","https://protechorse.com.br/manta-boots-horse-tambor-impact-pad-flexivel-quadrada-feltro-16552",""
"https://protechorse.com.br/barrigueira-wind-larga-32-boots-horse-16606","https://img.irroba.com.br/fit-in/250x250/filters:format(webp):fill(fff):quality(80)/protecho/catalog/barrigueira-wind-larga-20-03-25/capa.jpg","Frete grátis","Barrigueira Wind Larga 32"" - Boots Horse - 16606","Boots Horse","R$ 385,00","R$ 346,50","à vista","no Pix","em","R$ 385,00","5x","de","R$ 77,00","(*) Em compras à partir de R$ 99,99","à vista no Pix *","ou","COMPRAR","https://protechorse.com.br/barrigueira-wind-larga-32-boots-horse-16606","- SÃO PAULO"
"https://protechorse.com.br/manta-boots-horse-tambor-air-max-pad-navajo-4353","https://img.irroba.com.br/fit-in/250x250/filters:format(webp):fill(fff):quality(80)/protecho/catalog/air-max-pad/navajo/1.jpg","Frete grátis","Manta Boots Horse Tambor Air Max Pad Navajo - 435","Boots Horse","","","","","de","R$ 879,90","em","10x","R$ 87,99","(*) Em compras à partir de R$ 99,99","à vista no Pix *","ou","COMPRAR","https://protechorse.com.br/manta-boots-horse-tambor-air-max-pad-navajo-4353",""
"https://protechorse.com.br/barrigueira-wind-larga-30-quot-boots-horse-16733","https://img.irroba.com.br/fit-in/250x250/filters:format(webp):fill(fff):quality(80)/protecho/catalog/barrigueira-wind-larga-20-03-25/capa.jpg","Frete grátis","Barrigueira Wind Larga 30"" - Boots Horse - 16733","Boots Horse","R$ 385,00","R$ 346,50","à vista","no Pix","em","R$ 385,00","5x","de","R$ 77,00","(*) Em compras à partir de R$ 99,99","à vista no Pix *","ou","COMPRAR","https://protechorse.com.br/barrigueira-wind-larga-30-quot-boots-horse-16733","- SÃO PAULO"
"https://protechorse.com.br/barrigueira-wind-estreita-30-quot-boots-horse-color-16734","https://img.irroba.com.br/fit-in/250x250/filters:format(webp):fill(fff):quality(80)/protecho/catalog/barrigueira-boos-horse-air-flex-preta-wind8520.jpg","Frete grátis","Barrigueira Wind estreita 30"" - Boots Horse - Colo...","Boots Horse","R$ 330,00","R$ 297,00","à vista","no Pix","em","R$ 330,00","4x","de","R$ 82,50","(*) Em compras à partir de R$ 99,99","à vista no Pix *","ou","COMPRAR","https://protechorse.com.br/barrigueira-wind-estreita-30-quot-boots-horse-color-16734","- SÃO PAULO"
"https://protechorse.com.br/barrigueira-neoprene-combat-30-quot-boots-horse-1673","https://img.irroba.com.br/fit-in/250x250/filters:format(webp):fill(fff):quality(80)/protecho/catalog/barrigueiras/cores.jpg","Frete grátis","Barrigueira Neoprene Combat Padrão 30"" Polegedas -...","Boots Horse","R$ 220,00","R$ 198,00","à vista","no Pix","em","R$ 220,00","3x","de","R$ 73,33","(*) Em compras à partir de R$ 99,99","à vista no Pix *","ou","COMPRAR","https://protechorse.com.br/barrigueira-neoprene-combat-30-quot-boots-horse-1673","- SÃO PAULO"
"https://protechorse.com.br/conjunto-latico-e-contra-latico-top-equine-couro-16772","https://img.irroba.com.br/fit-in/250x250/filters:format(webp):fill(fff):quality(80)/protecho/catalog/laticocontralaticocouro/latico-e-contra-latico.jpg","","Conjunto Latico e Contra Latico Top Equine - Couro...","Top Equine","R$ 180,00","R$ 162,00","à vista","no Pix","em","R$ 180,00","2x","de","R$ 90,00","(*) Em compras à partir de R$ 99,99","à vista no Pix *","ou","COMPRAR","https://protechorse.com.br/conjunto-latico-e-contra-latico-top-equine-couro-16772",""
"https://protechorse.com.br/manta-boots-horse-tambor-felt-max-quadrada-la-16903","https://img.irroba.com.br/fit-in/250x250/filters:format(webp):fill(transparent):quality(80)/protecho/catalog/manta-felt-max/felt-max-preto.png","Frete grátis","Manta Boots Horse Tambor Pro Sport Flex Pad - Quad...","Boots Horse","R$ 680,00","R$ 612,00","à vista","no Pix","em","R$ 680,00","9x","de","R$ 75,56","(*) Em compras à partir de R$ 99,99","à vista no Pix *","ou","COMPRAR","https://protechorse.com.br/manta-boots-horse-tambor-felt-max-quadrada-la-16903",""
"https://protechorse.com.br/manta-boots-horse-tambor-air-max-pad-quadrada-slim-pelego-1690","https://img.irroba.com.br/fit-in/250x250/filters:format(webp):fill(fff):quality(80)/protecho/catalog/airmaxslim-quadrada-com-pelego.jpg","Frete grátis","Manta Boots Horse Tambor Air Max Pad Quadrada SLIM...","Boots Horse","","","","","de","R$ 950,00","em","10x","R$ 95,00","(*) Em compras à partir de R$ 99,99","à vista no Pix *","ou","COMPRAR","https://protechorse.com.br/manta-boots-horse-tambor-air-max-pad-quadrada-slim-pelego-1690",""
"https://protechorse.com.br/manta-boots-horse-mangalarga-air-max-pad-neoprene-bege-16959","https://img.irroba.com.br/fit-in/250x250/filters:format(webp):fill(fff):quality(80)/protecho/catalog/air-max-pad/whatsapp-image-2024-02-01-at-15754-pm.jpeg","Frete grátis","Manta Boots Horse Mangalarga Air Max Pad - Neopren...","Boots Horse","R$ 1.130,00","R$ 1.017,00","à vista","no Pix","em","R$ 1.130,00","10x","de","R$ 113,00","(*) Em compras à partir de R$ 99,99","à vista no Pix *","ou","COMPRAR","https://protechorse.com.br/manta-boots-horse-mangalarga-air-max-pad-neoprene-bege-16959",""
"https://protechorse.com.br/barrigueira-la-estreita-boots-horse-32-16978","https://img.irroba.com.br/fit-in/250x250/filters:format(webp):fill(transparent):quality(80)/protecho/catalog/barrigueira-la-boots/camada-1.png","Frete grátis","Barrigueira Lã estreita Boots Horse 32"" - 16978","Boots Horse","R$ 250,00","R$ 225,00","à vista","no Pix","em","R$ 250,00","3x","de","R$ 83,33","(*) Em compras à partir de R$ 99,99","à vista no Pix *","ou","COMPRAR","https://protechorse.com.br/barrigueira-la-estreita-boots-horse-32-16978","- SÃO PAULO"
"https://protechorse.com.br/barrigueira-de-couro-traseira-protec-horse-17029","https://img.irroba.com.br/fit-in/250x250/filters:format(webp):fill(fff):quality(80)/protecho/catalog/barrigueira-couro-trazeira/barrigueira-trazeira-de-couro-cafe.jpg","Frete grátis","Barrigueira de Couro Traseira - PROTEC HORSE - 170...","Protec Horse","R$ 450,00","R$ 405,00","à vista","no Pix","em","R$ 450,00","6x","de","R$ 75,00","(*) Em compras à partir de R$ 99,99","à vista no Pix *","ou","COMPRAR","https://protechorse.com.br/barrigueira-de-couro-traseira-protec-horse-17029",""
"https://protechorse.com.br/manta-boots-horse-vaquejada-air-max-pad-pelego-17046","https://img.irroba.com.br/fit-in/250x250/filters:format(webp):fill(fff):quality(80)/protecho/catalog/manta-boots-08032021/airmax-vaq-pelego.jpeg","Frete grátis","Manta Boots Horse Vaquejada Air Max Pad - Pelego -...","Boots Horse","R$ 1.130,00","R$ 1.017,00","à vista","no Pix","em","R$ 1.130,00","10x","de","R$ 113,00","(*) Em compras à partir de R$ 99,99","à vista no Pix *","ou","COMPRAR","https://protechorse.com.br/manta-boots-horse-vaquejada-air-max-pad-pelego-17046",""
"https://protechorse.com.br/peso-chumbo-20-p-kg-17050","https://img.irroba.com.br/fit-in/250x250/filters:format(webp):fill(fff):quality(80)/protecho/catalog/peso.jpg","","BARRA DE PESO - CHUMBO - 17050","Boots Horse","R$ 30,00","R$ 27,00","à vista","no Pix","em","R$ 30,00","1x","de","R$ 30,00","(*) Em compras à partir de R$ 99,99","à vista no Pix *","ou","COMPRAR","https://protechorse.com.br/peso-chumbo-20-p-kg-17050",""
"https://protechorse.com.br/manta-boots-horse-tambor-evolution-quadrada-la-17087","https://img.irroba.com.br/fit-in/250x250/filters:format(webp):fill(transparent):quality(80)/protecho/catalog/evolution/01pretojpg.png","Frete grátis","Manta Boots Horse EVOLUTION - Quadrada Lã - Preto ...","Boots Horse","R$ 1.000,00","R$ 900,00","à vista","no Pix","em","R$ 1.000,00","10x","de","R$ 100,00","(*) Em compras à partir de R$ 99,99","à vista no Pix *","ou","COMPRAR","https://protechorse.com.br/manta-boots-horse-tambor-evolution-quadrada-la-17087",""
"https://protechorse.com.br/barrigueira-equitech-estreita-simples-17384","https://img.irroba.com.br/fit-in/250x250/filters:format(webp):fill(fff):quality(80)/protecho/catalog/barrigueiraequitech/barrigueira-equitech-estreita-1.jpg","Frete grátis","Barrigueira Equitech Estreita - Simples - 17384","Equitech","R$ 270,00","R$ 243,00","à vista","no Pix","em","R$ 270,00","3x","de","R$ 90,00","(*) Em compras à partir de R$ 99,99","à vista no Pix *","ou","COMPRAR","https://protechorse.com.br/barrigueira-equitech-estreita-simples-17384","- SÃO PAULO"
"https://protechorse.com.br/barrigueira-classic-equine-sensorflex-estreita-la-17390","https://img.irroba.com.br/fit-in/250x250/filters:format(webp):fill(fff):quality(80)/protecho/catalog/barrigueira-classic-equine/classic-equine-sensorflex-cinch-estreita.jpg","Frete grátis","Barrigueira Classic Equine SensorFlex - Estreita L...","Classic Equine","R$ 700,00","R$ 630,00","à vista","no Pix","em","R$ 700,00","10x","de","R$ 70,00","(*) Em compras à partir de R$ 99,99","à vista no Pix *","ou","COMPRAR","https://protechorse.com.br/barrigueira-classic-equine-sensorflex-estreita-la-17390",""
"https://protechorse.com.br/barrigueira-classic-equine-sensorflex-larga-la-17391","https://img.irroba.com.br/fit-in/250x250/filters:format(webp):fill(fff):quality(80)/protecho/catalog/barrigueira-classic-equine/classic-equine-sensorflex-cinch-larga.jpg","Frete grátis","Barrigueira Classic Equine SensorFlex - Larga Lã -...","Classic Equine","R$ 770,00","R$ 693,00","à vista","no Pix","em","R$ 770,00","10x","de","R$ 77,00","(*) Em compras à partir de R$ 99,99","à vista no Pix *","ou","COMPRAR","https://protechorse.com.br/barrigueira-classic-equine-sensorflex-larga-la-17391",""
"https://protechorse.com.br/estribo-de-aluminio-colorido-antiderrapante-verde-agua-17520","https://img.irroba.com.br/fit-in/250x250/filters:format(webp):fill(fff):quality(80)/protecho/catalog/estribos/estribo-color-0120191018092751.jpg","Frete grátis","Estribo Protec Horse de alumínio colorido Antiderr...","Protec Horse","R$ 320,00","R$ 288,00","à vista","no Pix","em","R$ 320,00","4x","de","R$ 80,00","(*) Em compras à partir de R$ 99,99","à vista no Pix *","ou","COMPRAR","https://protechorse.com.br/estribo-de-aluminio-colorido-antiderrapante-verde-agua-17520","- SÃO PAULO"
"https://protechorse.com.br/estribo-de-aluminio-colorido-antiderrapante-preto-17521","https://img.irroba.com.br/fit-in/250x250/filters:format(webp):fill(fff):quality(80)/protecho/catalog/estribos/estribo-color-0420191018092751.jpg","Frete grátis","Estribo Protec Horse de alumínio colorido Antiderr...","Protec Horse","R$ 320,00","R$ 288,00","à vista","no Pix","em","R$ 320,00","4x","de","R$ 80,00","(*) Em compras à partir de R$ 99,99","à vista no Pix *","ou","COMPRAR","https://protechorse.com.br/estribo-de-aluminio-colorido-antiderrapante-preto-17521","- SÃO PAULO"
"https://protechorse.com.br/estribo-de-aluminio-colorido-antiderrapante-pink-17522","https://img.irroba.com.br/fit-in/250x250/filters:format(webp):fill(transparent):quality(80)/protecho/catalog/estribos/estribo-color-0220191018092751.png","Frete grátis","Estribo Protec Horse de alumínio colorido Antiderr...","Protec Horse","R$ 320,00","R$ 288,00","à vista","no Pix","em","R$ 320,00","4x","de","R$ 80,00","(*) Em compras à partir de R$ 99,99","à vista no Pix *","ou","COMPRAR","https://protechorse.com.br/estribo-de-aluminio-colorido-antiderrapante-pink-17522","- SÃO PAULO"
"https://protechorse.com.br/estribo-de-aluminio-colorido-antiderrapante-roxo-17523","https://img.irroba.com.br/fit-in/250x250/filters:format(webp):fill(fff):quality(80)/protecho/catalog/estribos/estribo-roxo.jpg","Frete grátis","Estribo Protec Horse de alumínio colorido Antiderr...","Protec Horse","R$ 320,00","R$ 288,00","à vista","no Pix","em","R$ 320,00","4x","de","R$ 80,00","(*) Em compras à partir de R$ 99,99","à vista no Pix *","ou","COMPRAR","https://protechorse.com.br/estribo-de-aluminio-colorido-antiderrapante-roxo-17523","- SÃO PAULO"
"https://protechorse.com.br/barrigueira-equitech-larga-17528","https://img.irroba.com.br/fit-in/250x250/filters:format(webp):fill(transparent):quality(80)/protecho/catalog/barrigueiraequitech/barrigueria-equitec-larga.png","Frete grátis","Barrigueira Equitech Larga - 17528","Equitech","R$ 280,00","R$ 252,00","à vista","no Pix","em","R$ 280,00","4x","de","R$ 70,00","(*) Em compras à partir de R$ 99,99","à vista no Pix *","ou","COMPRAR","https://protechorse.com.br/barrigueira-equitech-larga-17528","- SÃO PAULO"
"https://protechorse.com.br/rasga-preco-barrigueira-neoprene-combat-color-30-quot-boots-horse-17561","https://img.irroba.com.br/fit-in/250x250/filters:format(webp):fill(fff):quality(80)/protecho/catalog/barrigueira-combat/todas.jpg","Frete grátis","Barrigueira Neoprene Combat Colors 30"" Polegadas -...","Boots Horse","R$ 260,00","R$ 234,00","à vista","no Pix","em","R$ 260,00","3x","de","R$ 86,67","(*) Em compras à partir de R$ 99,99","à vista no Pix *","ou","COMPRAR","https://protechorse.com.br/rasga-preco-barrigueira-neoprene-combat-color-30-quot-boots-horse-17561","- SÃO PAULO"
"https://protechorse.com.br/manta-boots-horse-tambor-impact-pad-flexivel-quadrada-feltro-marrom-17748","https://img.irroba.com.br/fit-in/250x250/filters:format(webp):fill(transparent):quality(80)/protecho/catalog/mantabootsimpactpad/manta-impact-pad-flexivel-marrom-cortada-de-feltro.png","Frete grátis","Manta Boots Horse Tambor Impact Pad Flexível - Qua...","Boots Horse","R$ 650,00","R$ 585,00","à vista","no Pix","em","R$ 650,00","9x","de","R$ 72,22","(*) Em compras à partir de R$ 99,99","à vista no Pix *","ou","COMPRAR","https://protechorse.com.br/manta-boots-horse-tambor-impact-pad-flexivel-quadrada-feltro-marrom-17748",""
"https://protechorse.com.br/manta-boots-horse-tambor-impact-pad-flexivel-quadrada-feltro-preto-17749","https://img.irroba.com.br/fit-in/250x250/filters:format(webp):fill(fff):quality(80)/protecho/catalog/mantabootsimpactpad/manta-impact-pad-flex-feltro-preta.jpg","Frete grátis","Manta Boots Horse Tambor Impact Pad Flexível - Qua...","Boots Horse","R$ 650,00","R$ 585,00","à vista","no Pix","em","R$ 650,00","9x","de","R$ 72,22","(*) Em compras à partir de R$ 99,99","à vista no Pix *","ou","COMPRAR","https://protechorse.com.br/manta-boots-horse-tambor-impact-pad-flexivel-quadrada-feltro-preto-17749",""
"https://protechorse.com.br/manta-boots-horse-tambor-impact-pad-flexivel-quadrada-feltro-rosa-17750","https://img.irroba.com.br/fit-in/250x250/filters:format(webp):fill(fff):quality(80)/protecho/catalog/mantabootsimpactpad/manta-impact-pad-flex-feltro-rosa.jpg","Frete grátis","Manta Boots Horse Tambor Impact Pad Flexível - Qua...","Boots Horse","R$ 650,00","R$ 585,00","à vista","no Pix","em","R$ 650,00","9x","de","R$ 72,22","(*) Em compras à partir de R$ 99,99","à vista no Pix *","ou","COMPRAR","https://protechorse.com.br/manta-boots-horse-tambor-impact-pad-flexivel-quadrada-feltro-rosa-17750",""
"https://protechorse.com.br/manta-boots-horse-tambor-impact-pad-flexivel-quadrada-feltro-roxo-17751","https://img.irroba.com.br/fit-in/250x250/filters:format(webp):fill(fff):quality(80)/protecho/catalog/mantabootsimpactpad/manta-impact-pad-flex-feltro-roxa.jpg","Frete grátis","Manta Boots Horse Tambor Impact Pad Flexível - Qua...","Boots Horse","R$ 650,00","R$ 585,00","à vista","no Pix","em","R$ 650,00","9x","de","R$ 72,22","(*) Em compras à partir de R$ 99,99","à vista no Pix *","ou","COMPRAR","https://protechorse.com.br/manta-boots-horse-tambor-impact-pad-flexivel-quadrada-feltro-roxo-17751",""
"https://protechorse.com.br/manta-boots-horse-tambor-impact-pad-flexivel-quadrada-feltro-azul-royal-17752","https://img.irroba.com.br/fit-in/250x250/filters:format(webp):fill(fff):quality(80)/protecho/catalog/mantabootsimpactpad/manta-impact-pad-flex-feltro-royal.jpg","Frete grátis","Manta Boots Horse Tambor Impact Pad Flexível - Qua...","Boots Horse","R$ 650,00","R$ 585,00","à vista","no Pix","em","R$ 650,00","9x","de","R$ 72,22","(*) Em compras à partir de R$ 99,99","à vista no Pix *","ou","COMPRAR","https://protechorse.com.br/manta-boots-horse-tambor-impact-pad-flexivel-quadrada-feltro-azul-royal-17752",""
"https://protechorse.com.br/manta-boots-horse-tambor-impact-pad-flexivel-quadrada-feltro-verde-17753","https://img.irroba.com.br/fit-in/250x250/filters:format(webp):fill(fff):quality(80)/protecho/catalog/mantabootsimpactpad/manta-impact-pad-flex-feltro-verde.jpg","Frete grátis","Manta Boots Horse Tambor Impact Pad Flexível - Qua...","Boots Horse","R$ 650,00","R$ 585,00","à vista","no Pix","em","R$ 650,00","9x","de","R$ 72,22","(*) Em compras à partir de R$ 99,99","à vista no Pix *","ou","COMPRAR","https://protechorse.com.br/manta-boots-horse-tambor-impact-pad-flexivel-quadrada-feltro-verde-17753",""
"https://protechorse.com.br/manta-boots-horse-tambor-impact-pad-flexivel-quadrada-feltro-verde-agua-17754","https://img.irroba.com.br/fit-in/250x250/filters:format(webp):fill(fff):quality(80)/protecho/catalog/mantabootsimpactpad/manta-impact-pad-flex-la-verde-agua.jpg","Frete grátis","Manta Boots Horse Tambor Impact Pad Flexível - Qua...","Boots Horse","R$ 650,00","R$ 585,00","à vista","no Pix","em","R$ 650,00","9x","de","R$ 72,22","(*) Em compras à partir de R$ 99,99","à vista no Pix *","ou","COMPRAR","https://protechorse.com.br/manta-boots-horse-tambor-impact-pad-flexivel-quadrada-feltro-verde-agua-17754",""
"https://protechorse.com.br/manta-boots-horse-tambor-impact-pad-flexivel-quadrada-feltro-vermelho-17755","https://img.irroba.com.br/fit-in/250x250/filters:format(webp):fill(fff):quality(80)/protecho/catalog/mantabootsimpactpad/manta-impact-pad-fundo-feltro.jpg","Frete grátis","Manta Boots Horse Tambor Impact Pad Flexível - Qua...","Boots Horse","R$ 650,00","R$ 585,00","à vista","no Pix","em","R$ 650,00","9x","de","R$ 72,22","(*) Em compras à partir de R$ 99,99","à vista no Pix *","ou","COMPRAR","https://protechorse.com.br/manta-boots-horse-tambor-impact-pad-flexivel-quadrada-feltro-vermelho-17755",""
"https://protechorse.com.br/manta-boots-horse-tambor-impact-pad-flexivel-quadrada-la-marrom-17756","https://img.irroba.com.br/fit-in/250x250/filters:format(webp):fill(transparent):quality(80)/protecho/catalog/mantabootsimpactpad/manta-impact-pad-flexivel-marrom-cortada-de-feltro.png","Frete grátis","Manta Boots Horse Tambor Impact Pad Flexível - Qua...","Boots Horse","R$ 680,00","R$ 612,00","à vista","no Pix","em","R$ 680,00","9x","de","R$ 75,56","(*) Em compras à partir de R$ 99,99","à vista no Pix *","ou","COMPRAR","https://protechorse.com.br/manta-boots-horse-tambor-impact-pad-flexivel-quadrada-la-marrom-17756",""
"https://protechorse.com.br/manta-boots-horse-tambor-impact-pad-flexivel-quadrada-la-preto-17757","https://img.irroba.com.br/fit-in/250x250/filters:format(webp):fill(fff):quality(80)/protecho/catalog/mantabootsimpactpad/manta-impact-pad-flex-la-preta.jpg","Frete grátis","Manta Boots Horse Tambor Impact Pad Flexível - Qua...","Boots Horse","R$ 680,00","R$ 612,00","à vista","no Pix","em","R$ 680,00","9x","de","R$ 75,56","(*) Em compras à partir de R$ 99,99","à vista no Pix *","ou","COMPRAR","https://protechorse.com.br/manta-boots-horse-tambor-impact-pad-flexivel-quadrada-la-preto-17757",""
"https://protechorse.com.br/manta-boots-horse-tambor-impact-pad-flexivel-quadrada-la-rosa-17758","https://img.irroba.com.br/fit-in/250x250/filters:format(webp):fill(fff):quality(80)/protecho/catalog/mantabootsimpactpad/manta-impact-pad-flex-la-rosa.jpg","Frete grátis","Manta Boots Horse Tambor Impact Pad Flexível - Qua...","Boots Horse","R$ 680,00","R$ 612,00","à vista","no Pix","em","R$ 680,00","9x","de","R$ 75,56","(*) Em compras à partir de R$ 99,99","à vista no Pix *","ou","COMPRAR","https://protechorse.com.br/manta-boots-horse-tambor-impact-pad-flexivel-quadrada-la-rosa-17758",""
"https://protechorse.com.br/manta-boots-horse-tambor-impact-pad-flexivel-quadrada-la-roxo-17759","https://img.irroba.com.br/fit-in/250x250/filters:format(webp):fill(fff):quality(80)/protecho/catalog/mantabootsimpactpad/manta-impact-pad-flex-la-roxa.jpg","Frete grátis","Manta Boots Horse Tambor Impact Pad Flexível - Qua...","Boots Horse","R$ 680,00","R$ 612,00","à vista","no Pix","em","R$ 680,00","9x","de","R$ 75,56","(*) Em compras à partir de R$ 99,99","à vista no Pix *","ou","COMPRAR","https://protechorse.com.br/manta-boots-horse-tambor-impact-pad-flexivel-quadrada-la-roxo-17759",""
"https://protechorse.com.br/manta-boots-horse-tambor-impact-pad-flexivel-quadrada-la-azul-royal-17760","https://img.irroba.com.br/fit-in/250x250/filters:format(webp):fill(fff):quality(80)/protecho/catalog/mantabootsimpactpad/manta-impact-pad-flex-la-royal.jpg","Frete grátis","Manta Boots Horse Tambor Impact Pad Flexível - Qua...","Boots Horse","R$ 680,00","R$ 612,00","à vista","no Pix","em","R$ 680,00","9x","de","R$ 75,56","(*) Em compras à partir de R$ 99,99","à vista no Pix *","ou","COMPRAR","https://protechorse.com.br/manta-boots-horse-tambor-impact-pad-flexivel-quadrada-la-azul-royal-17760",""
"https://protechorse.com.br/manta-boots-horse-tambor-impact-pad-flexivel-quadrada-la-verde-17761","https://img.irroba.com.br/fit-in/250x250/filters:format(webp):fill(fff):quality(80)/protecho/catalog/mantabootsimpactpad/manta-impact-pad-flex-la-verde.jpg","Frete grátis","Manta Boots Horse Tambor Impact Pad Flexível - Qua...","Boots Horse","R$ 680,00","R$ 612,00","à vista","no Pix","em","R$ 680,00","9x","de","R$ 75,56","(*) Em compras à partir de R$ 99,99","à vista no Pix *","ou","COMPRAR","https://protechorse.com.br/manta-boots-horse-tambor-impact-pad-flexivel-quadrada-la-verde-17761",""
"https://protechorse.com.br/manta-boots-horse-tambor-impact-pad-flexivel-quadrada-la-verde-agua-17762","https://img.irroba.com.br/fit-in/250x250/filters:format(webp):fill(fff):quality(80)/protecho/catalog/mantabootsimpactpad/manta-impact-pad-flex-la-verde-agua.jpg","Frete grátis","Manta Boots Horse Tambor Impact Pad Flexível - Qua...","Boots Horse","R$ 680,00","R$ 612,00","à vista","no Pix","em","R$ 680,00","9x","de","R$ 75,56","(*) Em compras à partir de R$ 99,99","à vista no Pix *","ou","COMPRAR","https://protechorse.com.br/manta-boots-horse-tambor-impact-pad-flexivel-quadrada-la-verde-agua-17762",""
"https://protechorse.com.br/manta-boots-horse-tambor-impact-pad-flexivel-quadrada-la-vermelho-17763","https://img.irroba.com.br/fit-in/250x250/filters:format(webp):fill(fff):quality(80)/protecho/catalog/mantabootsimpactpad/manta-impact-pad-flex-la-vermelha.jpg","Frete grátis","Manta Boots Horse Tambor Impact Pad Flexível - Qua...","Boots Horse","R$ 680,00","R$ 612,00","à vista","no Pix","em","R$ 680,00","9x","de","R$ 75,56","(*) Em compras à partir de R$ 99,99","à vista no Pix *","ou","COMPRAR","https://protechorse.com.br/manta-boots-horse-tambor-impact-pad-flexivel-quadrada-la-vermelho-17763",""
"https://protechorse.com.br/manta-boots-horse-tambor-impact-pad-quadrada-feltro-marrom-17764","https://img.irroba.com.br/fit-in/250x250/filters:format(webp):fill(transparent):quality(80)/protecho/catalog/mantabootsimpactpad/manta-impact-pad-marrom.png","Frete grátis","Manta Boots Horse Tambor Impact Pad - Quadrada Fel...","Boots Horse","R$ 650,00","R$ 585,00","à vista","no Pix","em","R$ 650,00","9x","de","R$ 72,22","(*) Em compras à partir de R$ 99,99","à vista no Pix *","ou","COMPRAR","https://protechorse.com.br/manta-boots-horse-tambor-impact-pad-quadrada-feltro-marrom-17764",""
"https://protechorse.com.br/manta-boots-horse-tambor-impact-pad-quadrada-feltro-preto-17765","https://img.irroba.com.br/fit-in/250x250/filters:format(webp):fill(transparent):quality(80)/protecho/catalog/mantabootsimpactpad/manta-impact-pad-preta.png","Frete grátis","Manta Boots Horse Tambor Impact Pad - Quadrada Fel...","Boots Horse","R$ 650,00","R$ 585,00","à vista","no Pix","em","R$ 650,00","9x","de","R$ 72,22","(*) Em compras à partir de R$ 99,99","à vista no Pix *","ou","COMPRAR","https://protechorse.com.br/manta-boots-horse-tambor-impact-pad-quadrada-feltro-preto-17765",""
"https://protechorse.com.br/manta-boots-horse-tambor-impact-pad-quadrada-feltro-rosa-17766","https://img.irroba.com.br/fit-in/250x250/filters:format(webp):fill(transparent):quality(80)/protecho/catalog/mantabootsimpactpad/manta-impact-pad-rosa.png","Frete grátis","Manta Boots Horse Tambor Impact Pad - Quadrada Fel...","Boots Horse","R$ 650,00","R$ 585,00","à vista","no Pix","em","R$ 650,00","9x","de","R$ 72,22","(*) Em compras à partir de R$ 99,99","à vista no Pix *","ou","COMPRAR","https://protechorse.com.br/manta-boots-horse-tambor-impact-pad-quadrada-feltro-rosa-17766",""
"https://protechorse.com.br/manta-boots-horse-tambor-impact-pad-quadrada-feltro-roxo-17767","https://img.irroba.com.br/fit-in/250x250/filters:format(webp):fill(fff):quality(80)/protecho/catalog/mantabootsimpactpad/3d7d83eb-5759-4004-9b43-a7ca918704ea.jpg","Frete grátis","Manta Boots Horse Tambor Impact Pad - Quadrada Fel...","Boots Horse","R$ 650,00","R$ 585,00","à vista","no Pix","em","R$ 650,00","9x","de","R$ 72,22","(*) Em compras à partir de R$ 99,99","à vista no Pix *","ou","COMPRAR","https://protechorse.com.br/manta-boots-horse-tambor-impact-pad-quadrada-feltro-roxo-17767",""
"https://protechorse.com.br/manta-boots-horse-tambor-impact-pad-quadrada-feltro-azul-royal-17768","https://img.irroba.com.br/fit-in/250x250/filters:format(webp):fill(transparent):quality(80)/protecho/catalog/mantabootsimpactpad/manta-impact-pad-royal-2.png","Frete grátis","Manta Boots Horse Tambor Impact Pad - Quadrada Fel...","Boots Horse","R$ 650,00","R$ 585,00","à vista","no Pix","em","R$ 650,00","9x","de","R$ 72,22","(*) Em compras à partir de R$ 99,99","à vista no Pix *","ou","COMPRAR","https://protechorse.com.br/manta-boots-horse-tambor-impact-pad-quadrada-feltro-azul-royal-17768",""
"https://protechorse.com.br/manta-boots-horse-tambor-impact-pad-quadrada-feltro-verde-17769","https://img.irroba.com.br/fit-in/250x250/filters:format(webp):fill(transparent):quality(80)/protecho/catalog/mantabootsimpactpad/manta-impact-pad-verde.png","Frete grátis","Manta Boots Horse Tambor Impact Pad - Quadrada Fel...","Boots Horse","R$ 650,00","R$ 585,00","à vista","no Pix","em","R$ 650,00","9x","de","R$ 72,22","(*) Em compras à partir de R$ 99,99","à vista no Pix *","ou","COMPRAR","https://protechorse.com.br/manta-boots-horse-tambor-impact-pad-quadrada-feltro-verde-17769",""
"https://protechorse.com.br/manta-boots-horse-tambor-impact-pad-quadrada-feltro-verde-agua-17770","https://img.irroba.com.br/fit-in/250x250/filters:format(webp):fill(fff):quality(80)/protecho/catalog/mantabootsimpactpad/fae8dcd1-4412-445d-8750-3461c0b19314.jpg","Frete grátis","Manta Boots Horse Tambor Impact Pad - Quadrada Fel...","Boots Horse","R$ 650,00","R$ 585,00","à vista","no Pix","em","R$ 650,00","9x","de","R$ 72,22","(*) Em compras à partir de R$ 99,99","à vista no Pix *","ou","COMPRAR","https://protechorse.com.br/manta-boots-horse-tambor-impact-pad-quadrada-feltro-verde-agua-17770",""
"https://protechorse.com.br/manta-boots-horse-tambor-impact-pad-quadrada-feltro-vermelho-17771","https://img.irroba.com.br/fit-in/250x250/filters:format(webp):fill(transparent):quality(80)/protecho/catalog/mantabootsimpactpad/manta-impact-pad-vermelho.png","Frete grátis","Manta Boots Horse Tambor Impact Pad - Quadrada Fel...","Boots Horse","R$ 650,00","R$ 585,00","à vista","no Pix","em","R$ 650,00","9x","de","R$ 72,22","(*) Em compras à partir de R$ 99,99","à vista no Pix *","ou","COMPRAR","https://protechorse.com.br/manta-boots-horse-tambor-impact-pad-quadrada-feltro-vermelho-17771",""
"https://protechorse.com.br/manta-boots-horse-tambor-impact-pad-quadrada-la-marrom-17772","https://img.irroba.com.br/fit-in/250x250/filters:format(webp):fill(transparent):quality(80)/protecho/catalog/mantabootsimpactpad/manta-impact-pad-marrom.png","Frete grátis","Manta Boots Horse Tambor Impact Pad - Quadrada La ...","Boots Horse","R$ 680,00","R$ 612,00","à vista","no Pix","em","R$ 680,00","9x","de","R$ 75,56","(*) Em compras à partir de R$ 99,99","à vista no Pix *","ou","COMPRAR","https://protechorse.com.br/manta-boots-horse-tambor-impact-pad-quadrada-la-marrom-17772",""
"https://protechorse.com.br/manta-boots-horse-tambor-impact-pad-quadrada-la-preto-17773","https://img.irroba.com.br/fit-in/250x250/filters:format(webp):fill(transparent):quality(80)/protecho/catalog/mantabootsimpactpad/manta-impact-pad-preta.png","Frete grátis","Manta Boots Horse Tambor Impact Pad - Quadrada La ...","Boots Horse","R$ 680,00","R$ 612,00","à vista","no Pix","em","R$ 680,00","9x","de","R$ 75,56","(*) Em compras à partir de R$ 99,99","à vista no Pix *","ou","COMPRAR","https://protechorse.com.br/manta-boots-horse-tambor-impact-pad-quadrada-la-preto-17773",""
"https://protechorse.com.br/manta-boots-horse-tambor-impact-pad-quadrada-la-rosa-17774","https://img.irroba.com.br/fit-in/250x250/filters:format(webp):fill(transparent):quality(80)/protecho/catalog/mantabootsimpactpad/manta-impact-pad-rosa.png","Frete grátis","Manta Boots Horse Tambor Impact Pad - Quadrada La ...","Boots Horse","R$ 680,00","R$ 612,00","à vista","no Pix","em","R$ 680,00","9x","de","R$ 75,56","(*) Em compras à partir de R$ 99,99","à vista no Pix *","ou","COMPRAR","https://protechorse.com.br/manta-boots-horse-tambor-impact-pad-quadrada-la-rosa-17774",""
"https://protechorse.com.br/manta-boots-horse-tambor-impact-pad-quadrada-la-roxo-17775","https://img.irroba.com.br/fit-in/250x250/filters:format(webp):fill(fff):quality(80)/protecho/catalog/mantabootsimpactpad/2787e868-bb66-4d6d-82cb-67897fdaa59a.jpg","Frete grátis","Manta Boots Horse Tambor Impact Pad - Quadrada La ...","Boots Horse","R$ 680,00","R$ 612,00","à vista","no Pix","em","R$ 680,00","9x","de","R$ 75,56","(*) Em compras à partir de R$ 99,99","à vista no Pix *","ou","COMPRAR","https://protechorse.com.br/manta-boots-horse-tambor-impact-pad-quadrada-la-roxo-17775",""
"https://protechorse.com.br/manta-boots-horse-tambor-impact-pad-quadrada-la-azul-royal-17776","https://img.irroba.com.br/fit-in/250x250/filters:format(webp):fill(transparent):quality(80)/protecho/catalog/mantabootsimpactpad/manta-impact-pad-royal.png","Frete grátis","Manta Boots Horse Tambor Impact Pad - Quadrada La ...","Boots Horse","R$ 680,00","R$ 612,00","à vista","no Pix","em","R$ 680,00","9x","de","R$ 75,56","(*) Em compras à partir de R$ 99,99","à vista no Pix *","ou","COMPRAR","https://protechorse.com.br/manta-boots-horse-tambor-impact-pad-quadrada-la-azul-royal-17776",""
"https://protechorse.com.br/manta-boots-horse-tambor-impact-pad-quadrada-la-verde-17777","https://img.irroba.com.br/fit-in/250x250/filters:format(webp):fill(transparent):quality(80)/protecho/catalog/mantabootsimpactpad/manta-impact-pad-verde.png","Frete grátis","Manta Boots Horse Tambor Impact Pad - Quadrada La ...","Boots Horse","R$ 680,00","R$ 612,00","à vista","no Pix","em","R$ 680,00","9x","de","R$ 75,56","(*) Em compras à partir de R$ 99,99","à vista no Pix *","ou","COMPRAR","https://protechorse.com.br/manta-boots-horse-tambor-impact-pad-quadrada-la-verde-17777",""
"https://protechorse.com.br/manta-boots-horse-tambor-impact-pad-quadrada-la-verde-agua-17778","https://img.irroba.com.br/fit-in/250x250/filters:format(webp):fill(fff):quality(80)/protecho/catalog/mantabootsimpactpad/137df254-2f1f-4ce8-9722-5c3f3169ef96.jpg","Frete grátis","Manta Boots Horse Tambor Impact Pad - Quadrada La ...","Boots Horse","R$ 680,00","R$ 612,00","à vista","no Pix","em","R$ 680,00","9x","de","R$ 75,56","(*) Em compras à partir de R$ 99,99","à vista no Pix *","ou","COMPRAR","https://protechorse.com.br/manta-boots-horse-tambor-impact-pad-quadrada-la-verde-agua-17778",""
"https://protechorse.com.br/manta-boots-horse-tambor-impact-pad-quadrada-la-vermelho-17779","https://img.irroba.com.br/fit-in/250x250/filters:format(webp):fill(transparent):quality(80)/protecho/catalog/mantabootsimpactpad/manta-impact-pad-vermelho.png","Frete grátis","Manta Boots Horse Tambor Impact Pad - Quadrada La ...","Boots Horse","R$ 680,00","R$ 612,00","à vista","no Pix","em","R$ 680,00","9x","de","R$ 75,56","(*) Em compras à partir de R$ 99,99","à vista no Pix *","ou","COMPRAR","https://protechorse.com.br/manta-boots-horse-tambor-impact-pad-quadrada-la-vermelho-17779",""
"https://protechorse.com.br/manta-boots-horse-flex-chip-tambor-redonda-feltro-azul-royal-e-caramelo-17975","https://img.irroba.com.br/fit-in/250x250/filters:format(webp):fill(fff):quality(80)/protecho/catalog/manta-flex-chip/manta-boots-flex-chip-redonda-feltro-azul-royal-e-caramelo.jpeg","Frete grátis","Manta Boots Horse Flex Chip Tambor Redonda Feltro ...","Boots Horse","R$ 560,00","R$ 504,00","à vista","no Pix","em","R$ 560,00","8x","de","R$ 70,00","(*) Em compras à partir de R$ 99,99","à vista no Pix *","ou","COMPRAR","https://protechorse.com.br/manta-boots-horse-flex-chip-tambor-redonda-feltro-azul-royal-e-caramelo-17975",""
"https://protechorse.com.br/manta-boots-horse-flex-chip-tambor-redonda-feltro-azul-royal-e-pret-17976","https://img.irroba.com.br/fit-in/250x250/filters:format(webp):fill(fff):quality(80)/protecho/catalog/manta-flex-chip/manta-boots-flex-chip-redonda-feltro-azul-royal-e-preto.jpeg","Frete grátis","Manta Boots Horse Flex Chip Tambor Redonda Feltro ...","Boots Horse","R$ 560,00","R$ 504,00","à vista","no Pix","em","R$ 560,00","8x","de","R$ 70,00","(*) Em compras à partir de R$ 99,99","à vista no Pix *","ou","COMPRAR","https://protechorse.com.br/manta-boots-horse-flex-chip-tambor-redonda-feltro-azul-royal-e-pret-17976",""
"https://protechorse.com.br/manta-boots-horse-flex-chip-tambor-redonda-feltro-preto-e-verde-limao-17977","https://img.irroba.com.br/fit-in/250x250/filters:format(webp):fill(fff):quality(80)/protecho/catalog/manta-flex-chip/manta-boots-flex-chip-redonda-feltro-preto-e-verde-limao.jpeg","Frete grátis","Manta Boots Horse Flex Chip Tambor Redonda Feltro ...","Boots Horse","R$ 560,00","R$ 504,00","à vista","no Pix","em","R$ 560,00","8x","de","R$ 70,00","(*) Em compras à partir de R$ 99,99","à vista no Pix *","ou","COMPRAR","https://protechorse.com.br/manta-boots-horse-flex-chip-tambor-redonda-feltro-preto-e-verde-limao-17977",""
"https://protechorse.com.br/manta-boots-horse-flex-chip-tambor-redonda-feltro-preto-e-pink-17978","https://img.irroba.com.br/fit-in/250x250/filters:format(webp):fill(fff):quality(80)/protecho/catalog/manta-flex-chip/manta-boots-flex-chip-redonda-feltro-preto-e-rosa.jpeg","Frete grátis","Manta Boots Horse Flex Chip Tambor Redonda Feltro ...","Boots Horse","R$ 560,00","R$ 504,00","à vista","no Pix","em","R$ 560,00","8x","de","R$ 70,00","(*) Em compras à partir de R$ 99,99","à vista no Pix *","ou","COMPRAR","https://protechorse.com.br/manta-boots-horse-flex-chip-tambor-redonda-feltro-preto-e-pink-17978",""
"https://protechorse.com.br/manta-boots-horse-flex-chip-tambor-redonda-feltro-preto-e-laranja-17979","https://img.irroba.com.br/fit-in/250x250/filters:format(webp):fill(fff):quality(80)/protecho/catalog/manta-flex-chip/manta-boots-flex-chip-redonda-feltro-preto-e-laranja.jpeg","Frete grátis","Manta Boots Horse Flex Chip Tambor Redonda Feltro ...","Boots Horse","R$ 560,00","R$ 504,00","à vista","no Pix","em","R$ 560,00","8x","de","R$ 70,00","(*) Em compras à partir de R$ 99,99","à vista no Pix *","ou","COMPRAR","https://protechorse.com.br/manta-boots-horse-flex-chip-tambor-redonda-feltro-preto-e-laranja-17979",""
"https://protechorse.com.br/manta-boots-horse-flex-chip-tambor-redonda-feltro-cinza-e-caramel-17980","https://img.irroba.com.br/fit-in/250x250/filters:format(webp):fill(fff):quality(80)/protecho/catalog/manta-flex-chip/manta-boots-flex-chip-redonda-feltro-cinza-e-caramelo.jpeg","Frete grátis","Manta Boots Horse Flex Chip Tambor Redonda Feltro ...","Boots Horse","R$ 560,00","R$ 504,00","à vista","no Pix","em","R$ 560,00","8x","de","R$ 70,00","(*) Em compras à partir de R$ 99,99","à vista no Pix *","ou","COMPRAR","https://protechorse.com.br/manta-boots-horse-flex-chip-tambor-redonda-feltro-cinza-e-caramel-17980",""
"https://protechorse.com.br/manta-boots-horse-flex-chip-tambor-redonda-feltro-roxo-e-caramelo-17981","https://img.irroba.com.br/fit-in/250x250/filters:format(webp):fill(fff):quality(80)/protecho/catalog/manta-flex-chip/manta-boots-flex-chip-redonda-feltro-roxo-e-caramelo.jpeg","Frete grátis","Manta Boots Horse Flex Chip Tambor Redonda Feltro ...","Boots Horse","R$ 560,00","R$ 504,00","à vista","no Pix","em","R$ 560,00","8x","de","R$ 70,00","(*) Em compras à partir de R$ 99,99","à vista no Pix *","ou","COMPRAR","https://protechorse.com.br/manta-boots-horse-flex-chip-tambor-redonda-feltro-roxo-e-caramelo-17981",""
"https://protechorse.com.br/manta-boots-horse-flex-chip-tambor-redonda-pelego-roxo-e-caramelo-17982","https://img.irroba.com.br/fit-in/250x250/filters:format(webp):fill(transparent):quality(80)/protecho/catalog/manta-boots-flex-chip-redonda-la-roxa-e-caramelo-photoroom.png","Frete grátis","Manta Boots Horse Flex Chip Tambor Redonda Pelego ...","Boots Horse","R$ 600,00","R$ 540,00","à vista","no Pix","em","R$ 600,00","8x","de","R$ 75,00","(*) Em compras à partir de R$ 99,99","à vista no Pix *","ou","COMPRAR","https://protechorse.com.br/manta-boots-horse-flex-chip-tambor-redonda-pelego-roxo-e-caramelo-17982",""
"https://protechorse.com.br/manta-boots-horse-tambor-reverse-pressure-curva-estampa-18-18405","https://img.irroba.com.br/fit-in/250x250/filters:format(webp):fill(transparent):quality(80)/protecho/catalog/mantas-boots-horse-marco/image-removebg-preview-2023-10-17t124950722.png","Frete grátis","MANTA BOOTS HORSE REVERSE PRESSURE LÃ CURVA - CINZ...","Boots Horse","","","","","de","R$ 594,44","em","8x","R$ 74,31","(*) Em compras à partir de R$ 99,99","à vista no Pix *","ou","COMPRAR","https://protechorse.com.br/manta-boots-horse-tambor-reverse-pressure-curva-estampa-18-18405",""
"https://protechorse.com.br/manta-classic-equine-sensor-flex-wool-top-creme-18495","https://img.irroba.com.br/fit-in/250x250/filters:format(webp):fill(fff):quality(80)/protecho/catalog/manta-classic-equine/08112022/classic-equine-sensorflex-wool-top-pad-cswfp32-155.jpg","Frete grátis","Manta Classic Equine Sensor Flex Wool Top - CREME ...","Classic Equine","","","","","","","","","","","","","","",""
"https://protechorse.com.br/manta-classic-equine-sensor-flex-wool-top-marinho-18497","https://img.irroba.com.br/fit-in/250x250/filters:format(webp):fill(fff):quality(80)/protecho/catalog/reverse-pressure-nova/produtos.jpg","Frete grátis","Manta Classic Equine Sensor Flex Wool Top - CHOCOL...","Classic Equine","","","","","de","R$ 870,00","em","10x","R$ 87,00","(*) Em compras à partir de R$ 99,99","à vista no Pix *","ou","COMPRAR","https://protechorse.com.br/manta-classic-equine-sensor-flex-wool-top-marinho-18497",""
"https://protechorse.com.br/manta-classic-equine-sensor-flex-wool-top-cereja-18498","https://img.irroba.com.br/fit-in/250x250/filters:format(webp):fill(fff):quality(80)/protecho/catalog/manta-classic-equine/08112022/classic-equine-sensorflex-wool-top-pad-cswfp32-163.jpg","Frete grátis","Manta Sensor Flex Wool Top Marrom Claro & Vermelho...","Classic Equine","","","","","de","R$ 870,00","em","10x","R$ 87,00","(*) Em compras à partir de R$ 99,99","à vista no Pix *","ou","COMPRAR","https://protechorse.com.br/manta-classic-equine-sensor-flex-wool-top-cereja-18498",""
"https://protechorse.com.br/manta-professionals-choice-la-wspco-30x34-cardinal-18570","https://img.irroba.com.br/fit-in/250x250/filters:format(webp):fill(fff):quality(80)/protecho/catalog/manta-professionals-choice/manta-prof-choice-wspco-30x34-cadinal.jpg","Frete grátis","Manta Cardinal Com Pelego #WSPCO - Professional's ...","Professional's Choice","","","","","de","R$ 1.388,89","em","10x","R$ 138,89","(*) Em compras à partir de R$ 99,99","à vista no Pix *","ou","COMPRAR","https://protechorse.com.br/manta-professionals-choice-la-wspco-30x34-cardinal-18570",""
"https://protechorse.com.br/manta-professionals-choice-la-wspco-30x34-expresso-18571","https://img.irroba.com.br/fit-in/250x250/filters:format(webp):fill(fff):quality(80)/protecho/catalog/manta-professionals-choice/manta-prof-choice-wspco-30x34-expresso.jpg","Frete grátis","Manta Expresso Com Pelego #WSPCO - Professional's ...","Professional's Choice","","","","","de","R$ 1.388,89","em","10x","R$ 138,89","(*) Em compras à partir de R$ 99,99","à vista no Pix *","ou","COMPRAR","https://protechorse.com.br/manta-professionals-choice-la-wspco-30x34-expresso-18571",""
"https://protechorse.com.br/manta-professionals-choice-la-wspco-30x34-onix-18572","https://img.irroba.com.br/fit-in/250x250/filters:format(webp):fill(fff):quality(80)/protecho/catalog/manta-professionals-choice/manta-prof-choice-wspco-30x34-onyx.jpg","Frete grátis","Manta Onix Com Pelego #WSPCO - Professional's Choi...","Professional's Choice","","","","","de","R$ 1.388,89","em","10x","R$ 138,89","(*) Em compras à partir de R$ 99,99","à vista no Pix *","ou","COMPRAR","https://protechorse.com.br/manta-professionals-choice-la-wspco-30x34-onix-18572",""
"https://protechorse.com.br/manta-professionals-choice-la-wspcv-30x34-night-sky-18573","https://img.irroba.com.br/fit-in/250x250/filters:format(webp):fill(fff):quality(80)/protecho/catalog/manta-professionals-choice/manta-prof-choice-wspcv-30x34-night-sky.jpg","Frete grátis","Manta Night Sky Com Pelego #WSPCV - Professional's...","Professional's Choice","","","","","de","R$ 1.144,44","em","10x","R$ 114,44","(*) Em compras à partir de R$ 99,99","à vista no Pix *","ou","COMPRAR","https://protechorse.com.br/manta-professionals-choice-la-wspcv-30x34-night-sky-18573",""
"https://protechorse.com.br/manta-professionals-choice-la-wspcv-30x34-pacific-blue-18574","https://img.irroba.com.br/fit-in/250x250/filters:format(webp):fill(fff):quality(80)/protecho/catalog/manta-professionals-choice/manta-prof-choice-wspcv-30x34-pacific-blue.jpg","Frete grátis","Manta Pacific Blue Com Pelego #WSPCV - Professiona...","Professional's Choice","","","","","de","R$ 1.144,44","em","10x","R$ 114,44","(*) Em compras à partir de R$ 99,99","à vista no Pix *","ou","COMPRAR","https://protechorse.com.br/manta-professionals-choice-la-wspcv-30x34-pacific-blue-18574",""
"https://protechorse.com.br/manta-boots-horse-premium-pad-cinza-couro-floral-com-tacha-18623","https://img.irroba.com.br/fit-in/250x250/filters:format(webp):fill(fff):quality(80)/protecho/catalog/manta-boots-horse-premium-pad-cinza-com-couro-floral-e-tacha.jpg","Frete grátis","Manta Boots Horse Premium Pad - Cinza Couro Floral...","Boots Horse","R$ 1.100,00","R$ 990,00","à vista","no Pix","em","R$ 1.100,00","10x","de","R$ 110,00","(*) Em compras à partir de R$ 99,99","à vista no Pix *","ou","COMPRAR","https://protechorse.com.br/manta-boots-horse-premium-pad-cinza-couro-floral-com-tacha-18623",""
"https://protechorse.com.br/manta-boots-horse-flex-chip-tambor-quadrada-pelego-marrom-18776","https://img.irroba.com.br/fit-in/250x250/filters:format(webp):fill(fff):quality(80)/protecho/catalog/cloche-classic-equine/manta-boots-horse-flex-chip-com-pelego-marrom.jpg","Frete grátis","Manta Boots Horse Flex Chip Tambor Quadrada Pelego...","Boots Horse","R$ 600,00","R$ 540,00","à vista","no Pix","em","R$ 600,00","8x","de","R$ 75,00","(*) Em compras à partir de R$ 99,99","à vista no Pix *","ou","COMPRAR","https://protechorse.com.br/manta-boots-horse-flex-chip-tambor-quadrada-pelego-marrom-18776",""
"https://protechorse.com.br/manta-boots-horse-flex-chip-tambor-quadrada-pelego-roxo-marrom-claro-18777","https://img.irroba.com.br/fit-in/250x250/filters:format(webp):fill(fff):quality(80)/protecho/catalog/cloche-classic-equine/manta-boots-horse-flex-chip-com-pelego-roxo.jpg","Frete grátis","Manta Boots Horse Flex Chip Tambor Quadrada Pelego...","Boots Horse","R$ 600,00","R$ 540,00","à vista","no Pix","em","R$ 600,00","8x","de","R$ 75,00","(*) Em compras à partir de R$ 99,99","à vista no Pix *","ou","COMPRAR","https://protechorse.com.br/manta-boots-horse-flex-chip-tambor-quadrada-pelego-roxo-marrom-claro-18777",""
"https://protechorse.com.br/manta-boots-horse-flex-chip-tambor-quadrada-pelego-azul-turquesa-18778","https://img.irroba.com.br/fit-in/250x250/filters:format(webp):fill(fff):quality(80)/protecho/catalog/cloche-classic-equine/manta-boots-horse-flex-chip-com-pelego-verde-agua.jpg","Frete grátis","Manta Boots Horse Flex Chip Tambor Quadrada Pelego...","Boots Horse","R$ 600,00","R$ 540,00","à vista","no Pix","em","R$ 600,00","8x","de","R$ 75,00","(*) Em compras à partir de R$ 99,99","à vista no Pix *","ou","COMPRAR","https://protechorse.com.br/manta-boots-horse-flex-chip-tambor-quadrada-pelego-azul-turquesa-18778",""
"https://protechorse.com.br/manta-boots-horse-flex-chip-tambor-redonda-pelego-azul-turquesa-18779","https://img.irroba.com.br/fit-in/250x250/filters:format(webp):fill(fff):quality(80)/protecho/catalog/cloche-classic-equine/manta-boots-horse-flex-chip-com-pelego-redonda-verde-agua.jpg","Frete grátis","Manta Boots Horse Flex Chip Tambor Redonda Pelego ...","Boots Horse","R$ 600,00","R$ 540,00","à vista","no Pix","em","R$ 600,00","8x","de","R$ 75,00","(*) Em compras à partir de R$ 99,99","à vista no Pix *","ou","COMPRAR","https://protechorse.com.br/manta-boots-horse-flex-chip-tambor-redonda-pelego-azul-turquesa-18779",""
"https://protechorse.com.br/manta-boots-horse-flex-chip-tambor-redonda-pelego-cinza-escuro-preto-18780","https://img.irroba.com.br/fit-in/250x250/filters:format(webp):fill(fff):quality(80)/protecho/catalog/cloche-classic-equine/manta-boots-horse-flex-chip-com-pelego-redonda-cinza.jpg","Frete grátis","Manta Boots Horse Flex Chip Tambor Redonda Pelego ...","Boots Horse","R$ 600,00","R$ 540,00","à vista","no Pix","em","R$ 600,00","8x","de","R$ 75,00","(*) Em compras à partir de R$ 99,99","à vista no Pix *","ou","COMPRAR","https://protechorse.com.br/manta-boots-horse-flex-chip-tambor-redonda-pelego-cinza-escuro-preto-18780",""
"https://protechorse.com.br/manta-boots-horse-flex-chip-tambor-redonda-pelego-marrom-18781","https://img.irroba.com.br/fit-in/250x250/filters:format(webp):fill(fff):quality(80)/protecho/catalog/cloche-classic-equine/manta-boots-horse-flex-chip-com-pelego-redonda-marrom.jpg","Frete grátis","Manta Boots Horse Flex Chip Tambor Redonda Pelego ...","Boots Horse","R$ 600,00","R$ 540,00","à vista","no Pix","em","R$ 600,00","8x","de","R$ 75,00","(*) Em compras à partir de R$ 99,99","à vista no Pix *","ou","COMPRAR","https://protechorse.com.br/manta-boots-horse-flex-chip-tambor-redonda-pelego-marrom-18781",""
"https://protechorse.com.br/manta-boots-horse-flex-chip-tambor-quadrada-pelego-cinza-claro-marrom-claro-18782","https://img.irroba.com.br/fit-in/250x250/filters:format(webp):fill(fff):quality(80)/protecho/catalog/cloche-classic-equine/quad-cinza-marrom-claro.jpg","Frete grátis","Manta Boots Horse Flex Chip Tambor Quadrada Pelego...","Boots Horse","R$ 600,00","R$ 540,00","à vista","no Pix","em","R$ 600,00","8x","de","R$ 75,00","(*) Em compras à partir de R$ 99,99","à vista no Pix *","ou","COMPRAR","https://protechorse.com.br/manta-boots-horse-flex-chip-tambor-quadrada-pelego-cinza-claro-marrom-claro-18782",""
"https://protechorse.com.br/manta-boots-horse-flex-chip-tambor-quadrada-pelego-cinza-escuro-marrom-18783","https://img.irroba.com.br/fit-in/250x250/filters:format(webp):fill(fff):quality(80)/protecho/catalog/cloche-classic-equine/quad-cinza-escuro-marrom.jpg","Frete grátis","Manta Boots Horse Flex Chip Tambor Quadrada Pelego...","Boots Horse","R$ 600,00","R$ 540,00","à vista","no Pix","em","R$ 600,00","8x","de","R$ 75,00","(*) Em compras à partir de R$ 99,99","à vista no Pix *","ou","COMPRAR","https://protechorse.com.br/manta-boots-horse-flex-chip-tambor-quadrada-pelego-cinza-escuro-marrom-18783",""
"https://protechorse.com.br/manta-boots-horse-flex-chip-tambor-quadrada-pelego-pink-marrom-18785","https://img.irroba.com.br/fit-in/250x250/filters:format(webp):fill(fff):quality(80)/protecho/catalog/cloche-classic-equine/quad-pink-marrom.jpg","Frete grátis","Manta Boots Horse Flex Chip Tambor Quadrada Pelego...","Boots Horse","R$ 600,00","R$ 540,00","à vista","no Pix","em","R$ 600,00","8x","de","R$ 75,00","(*) Em compras à partir de R$ 99,99","à vista no Pix *","ou","COMPRAR","https://protechorse.com.br/manta-boots-horse-flex-chip-tambor-quadrada-pelego-pink-marrom-18785",""
"https://protechorse.com.br/manta-boots-horse-flex-chip-tambor-redonda-pelego-cinza-marrom-18786","https://img.irroba.com.br/fit-in/250x250/filters:format(webp):fill(fff):quality(80)/protecho/catalog/cloche-classic-equine/redonda-cinza-marrom.jpg","Frete grátis","Manta Boots Horse Flex Chip Tambor Redonda Pelego ...","Boots Horse","R$ 600,00","R$ 540,00","à vista","no Pix","em","R$ 600,00","8x","de","R$ 75,00","(*) Em compras à partir de R$ 99,99","à vista no Pix *","ou","COMPRAR","https://protechorse.com.br/manta-boots-horse-flex-chip-tambor-redonda-pelego-cinza-marrom-18786",""
"https://protechorse.com.br/manta-boots-horse-flex-chip-tambor-redonda-pelego-pink-marrom-18787","https://img.irroba.com.br/fit-in/250x250/filters:format(webp):fill(fff):quality(80)/protecho/catalog/cloche-classic-equine/redonda-pink-marrom.jpg","Frete grátis","Manta Boots Horse Flex Chip Tambor Redonda Pelego ...","Boots Horse","R$ 600,00","R$ 540,00","à vista","no Pix","em","R$ 600,00","8x","de","R$ 75,00","(*) Em compras à partir de R$ 99,99","à vista no Pix *","ou","COMPRAR","https://protechorse.com.br/manta-boots-horse-flex-chip-tambor-redonda-pelego-pink-marrom-18787",""
"https://protechorse.com.br/manta-boots-horse-flex-chip-tambor-redonda-pelego-preto-preto-18788","https://img.irroba.com.br/fit-in/250x250/filters:format(webp):fill(fff):quality(80)/protecho/catalog/cloche-classic-equine/redonda-preta-preta.jpg","Frete grátis","Manta Boots Horse Flex Chip Tambor Redonda Pelego ...","Boots Horse","R$ 600,00","R$ 540,00","à vista","no Pix","em","R$ 600,00","8x","de","R$ 75,00","(*) Em compras à partir de R$ 99,99","à vista no Pix *","ou","COMPRAR","https://protechorse.com.br/manta-boots-horse-flex-chip-tambor-redonda-pelego-preto-preto-18788",""
"https://protechorse.com.br/manta-boots-horse-tambor-reverse-pressure-curva-estampa-21-18791","https://img.irroba.com.br/fit-in/250x250/filters:format(webp):fill(transparent):quality(80)/protecho/catalog/mantas-boots-horse-marco/image-removebg-preview-2023-10-17t145636264.png","Frete grátis","MANTA BOOTS HORSE REVERSE PRESSURE LÃ CURVA - VERD...","Boots Horse","","","","","de","R$ 594,44","em","8x","R$ 74,31","(*) Em compras à partir de R$ 99,99","à vista no Pix *","ou","COMPRAR","https://protechorse.com.br/manta-boots-horse-tambor-reverse-pressure-curva-estampa-21-18791",""
"https://protechorse.com.br/manta-boots-horse-tambor-reverse-pressure-curva-estampa-16-18799","https://img.irroba.com.br/fit-in/250x250/filters:format(webp):fill(transparent):quality(80)/protecho/catalog/mantas-boots-horse-marco/image-removebg-preview-2023-10-17t145934262.png","Frete grátis","MANTA BOOTS HORSE REVERSE PRESSURE LÃ CURVA - PRET...","Boots Horse","","","","","de","R$ 594,44","em","8x","R$ 74,31","(*) Em compras à partir de R$ 99,99","à vista no Pix *","ou","COMPRAR","https://protechorse.com.br/manta-boots-horse-tambor-reverse-pressure-curva-estampa-16-18799",""
"https://protechorse.com.br/manta-boots-horse-tambor-reverse-pressure-curva-estampa-22-18800","https://img.irroba.com.br/fit-in/250x250/filters:format(webp):fill(transparent):quality(80)/protecho/catalog/mantas-boots-horse-marco/image-removebg-preview-2023-10-17t145957071.png","Frete grátis","MANTA BOOTS HORSE REVERSE PRESSURE LÃ CURVA - PRET...","Boots Horse","","","","","de","R$ 594,44","em","8x","R$ 74,31","(*) Em compras à partir de R$ 99,99","à vista no Pix *","ou","COMPRAR","https://protechorse.com.br/manta-boots-horse-tambor-reverse-pressure-curva-estampa-22-18800",""
"https://protechorse.com.br/estribo-protec-horse-juvenil-antiderrapante-18876","https://img.irroba.com.br/fit-in/250x250/filters:format(webp):fill(fff):quality(80)/protecho/catalog/mantas-boots-horse-marco/estribo-juvenil-protec-horse.jpg","Frete grátis","Estribo Protec Horse - Juvenil com Antiderrapante ...","Protec Horse","R$ 250,00","R$ 225,00","à vista","no Pix","em","R$ 250,00","3x","de","R$ 83,33","(*) Em compras à partir de R$ 99,99","à vista no Pix *","ou","COMPRAR","https://protechorse.com.br/estribo-protec-horse-juvenil-antiderrapante-18876","- SÃO PAULO"
"https://protechorse.com.br/coleira-aerofagica-weaver-18974","https://img.irroba.com.br/fit-in/250x250/filters:format(webp):fill(fff):quality(80)/protecho/catalog/coleira-para-aerofagia-weaver-importada-500x500.jpg","Frete grátis","Coleira Aerofagica - Weaver - 18974","Weaver","R$ 230,00","R$ 207,00","à vista","no Pix","em","R$ 230,00","3x","de","R$ 76,67","(*) Em compras à partir de R$ 99,99","à vista no Pix *","ou","COMPRAR","https://protechorse.com.br/coleira-aerofagica-weaver-18974","- SÃO PAULO"
"https://protechorse.com.br/manta-boots-horse-tambor-flow-tech-pad-18976","https://img.irroba.com.br/fit-in/250x250/filters:format(webp):fill(fff):quality(80)/protecho/catalog/manta-flow-tech-pad/manta-flow-tech-pad-preta-marrom-claro.jpg","Frete grátis","Manta Boots Horse Tambor - Flow Tech Pad - Preto /...","Boots Horse","","","","","de","R$ 694,44","em","9x","R$ 77,16","(*) Em compras à partir de R$ 99,99","à vista no Pix *","ou","COMPRAR","https://protechorse.com.br/manta-boots-horse-tambor-flow-tech-pad-18976",""
"https://protechorse.com.br/manta-professionals-choice-la-cxis-storm-bright-sky-18983","https://img.irroba.com.br/fit-in/250x250/filters:format(webp):fill(fff):quality(80)/protecho/catalog/manta-profchoice-storm/manta-profchoice-storm-smx-3-4in-bright-sky-cxis-ear.jpg","Frete grátis","Manta Air Ride™ Storm Bright Sky Com Pelego #CXIS ...","Professional's Choice","","","","","de","R$ 1.722,22","em","10x","R$ 172,22","(*) Em compras à partir de R$ 99,99","à vista no Pix *","ou","COMPRAR","https://protechorse.com.br/manta-professionals-choice-la-cxis-storm-bright-sky-18983",""
"https://protechorse.com.br/manta-professionals-choice-la-cxis-storm-lagoon-18985","https://img.irroba.com.br/fit-in/250x250/filters:format(webp):fill(fff):quality(80)/protecho/catalog/manta-profchoice-storm/manta-profchoice-storm-smx-3-4in-lagoon-cxis-lag.jpg","Frete grátis","Manta Air Ride™ Storm Lagoon Com Pelego #CXIS - Pr...","Professional's Choice","","","","","de","R$ 1.722,22","em","10x","R$ 172,22","(*) Em compras à partir de R$ 99,99","à vista no Pix *","ou","COMPRAR","https://protechorse.com.br/manta-professionals-choice-la-cxis-storm-lagoon-18985",""
"https://protechorse.com.br/manta-professionals-choice-la-cxis-storm-night-18986","https://img.irroba.com.br/fit-in/250x250/filters:format(webp):fill(fff):quality(80)/protecho/catalog/manta-profchoice-storm/manta-profchoice-storm-smx-3-4in-nite-cxis.jpg","Frete grátis","Manta Air Ride™ Storm Night Com Pelego #CXIS - Pro...","Professional's Choice","","","","","de","R$ 1.722,22","em","10x","R$ 172,22","(*) Em compras à partir de R$ 99,99","à vista no Pix *","ou","COMPRAR","https://protechorse.com.br/manta-professionals-choice-la-cxis-storm-night-18986",""
"https://protechorse.com.br/manta-professionals-choice-la-cxhh-hand-bison-18987","https://img.irroba.com.br/fit-in/250x250/filters:format(webp):fill(fff):quality(80)/protecho/catalog/manta-profchoice-hand/manta-profchoice-hand-bison.jpg","Frete grátis","Manta Air Ride™ Hand Bison Com Pelego #CXHH - Prof...","Professional's Choice","","","","","de","R$ 1.722,22","em","10x","R$ 172,22","(*) Em compras à partir de R$ 99,99","à vista no Pix *","ou","COMPRAR","https://protechorse.com.br/manta-professionals-choice-la-cxhh-hand-bison-18987",""
"https://protechorse.com.br/manta-professionals-choice-la-cxhh-hand-raven-18988","https://img.irroba.com.br/fit-in/250x250/filters:format(webp):fill(fff):quality(80)/protecho/catalog/manta-profchoice-hand/manta-profchoice-hand-raven.jpg","Frete grátis","Manta Air Ride™ Hand Raven Com Pelego #CXHH - Prof...","Professional's Choice","","","","","de","R$ 1.722,22","em","10x","R$ 172,22","(*) Em compras à partir de R$ 99,99","à vista no Pix *","ou","COMPRAR","https://protechorse.com.br/manta-professionals-choice-la-cxhh-hand-raven-18988",""
"https://protechorse.com.br/manta-professionals-choice-la-cxhh-hand-salt-18989","https://img.irroba.com.br/fit-in/250x250/filters:format(webp):fill(fff):quality(80)/protecho/catalog/manta-profchoice-hand/manta-profchoice-hand-salt.jpg","Frete grátis","Manta Air Ride™ Hand Salt Com Pelego #CXHH - Profe...","Professional's Choice","","","","","de","R$ 1.722,22","em","10x","R$ 172,22","(*) Em compras à partir de R$ 99,99","à vista no Pix *","ou","COMPRAR","https://protechorse.com.br/manta-professionals-choice-la-cxhh-hand-salt-18989",""
"https://protechorse.com.br/manta-professionals-choice-la-wspcj-jalapeno-black-18990","https://img.irroba.com.br/fit-in/250x250/filters:format(webp):fill(fff):quality(80)/protecho/catalog/manta-profchoice-jalapeno/manta-profchoice-jalepeno-black.jpg","Frete grátis","Manta Jalapeno Black Com Pelego #WSPCJ - Professio...","Professional's Choice","","","","","de","R$ 1.416,67","em","10x","R$ 141,67","(*) Em compras à partir de R$ 99,99","à vista no Pix *","ou","COMPRAR","https://protechorse.com.br/manta-professionals-choice-la-wspcj-jalapeno-black-18990",""
"https://protechorse.com.br/manta-professionals-choice-la-wspcj-jalapeno-cream-18991","https://img.irroba.com.br/fit-in/250x250/filters:format(webp):fill(fff):quality(80)/protecho/catalog/manta-profchoice-jalapeno/manta-profchoice-jalepeno-cream.jpg","Frete grátis","Manta Jalapeno Cream Com Pelego #WSPCJ - Professio...","Professional's Choice","","","","","de","R$ 1.416,67","em","10x","R$ 141,67","(*) Em compras à partir de R$ 99,99","à vista no Pix *","ou","COMPRAR","https://protechorse.com.br/manta-professionals-choice-la-wspcj-jalapeno-cream-18991",""
"https://protechorse.com.br/manta-professionals-choice-la-wspcj-jalapeno-deep-sea-18992","https://img.irroba.com.br/fit-in/250x250/filters:format(webp):fill(fff):quality(80)/protecho/catalog/manta-profchoice-jalapeno/manta-profchoice-jalepeno-deep-sea.jpg","Frete grátis","Manta Jalapeno Deep Sea Com Pelego #WSPCJ - Profes...","Professional's Choice","","","","","de","R$ 1.416,67","em","10x","R$ 141,67","(*) Em compras à partir de R$ 99,99","à vista no Pix *","ou","COMPRAR","https://protechorse.com.br/manta-professionals-choice-la-wspcj-jalapeno-deep-sea-18992",""
"https://protechorse.com.br/manta-professionals-choice-la-wspcj-jalapeno-khaki-18993","https://img.irroba.com.br/fit-in/250x250/filters:format(webp):fill(fff):quality(80)/protecho/catalog/manta-profchoice-jalapeno/manta-profchoice-jalepeno-khaki.jpg","Frete grátis","Manta Jalapeno Khaki Com Pelego #WSPCJ - Professio...","Professional's Choice","","","","","de","R$ 1.416,67","em","10x","R$ 141,67","(*) Em compras à partir de R$ 99,99","à vista no Pix *","ou","COMPRAR","https://protechorse.com.br/manta-professionals-choice-la-wspcj-jalapeno-khaki-18993",""
"https://protechorse.com.br/manta-professionals-choice-la-cfb-branco-preto-18994","https://img.irroba.com.br/fit-in/250x250/filters:format(webp):fill(fff):quality(80)/protecho/catalog/manta-professionals-choice/f143864623.jpeg","Frete grátis","Manta Professionals Choice Feltro - CFB - Branco /...","Professional's Choice","","","","","de","R$ 1.944,44","em","10x","R$ 194,44","(*) Em compras à partir de R$ 99,99","à vista no Pix *","ou","COMPRAR","https://protechorse.com.br/manta-professionals-choice-la-cfb-branco-preto-18994",""
"https://protechorse.com.br/manta-professionals-choice-feltro-cfb-preto-18995","https://img.irroba.com.br/fit-in/250x250/filters:format(webp):fill(fff):quality(80)/protecho/catalog/manta-professionals-choice/116536-default-l.jpg","Frete grátis","Manta Professionals Choice Feltro - CFB - Preto -...","Professional's Choice","","","","","de","R$ 1.944,44","em","10x","R$ 194,44","(*) Em compras à partir de R$ 99,99","à vista no Pix *","ou","COMPRAR","https://protechorse.com.br/manta-professionals-choice-feltro-cfb-preto-18995",""
"https://protechorse.com.br/manta-professionals-choice-pelego-cfbd-branco-preto-18996","https://img.irroba.com.br/fit-in/250x250/filters:format(webp):fill(fff):quality(80)/protecho/catalog/cxorg/manta-air-ride-professionals-choice-la-merino-cor-branca-cfbd-1.jpg","Frete grátis","Manta Cowboy Felt Air Ride Cor Branca Professional...","Professional's Choice","R$ 2.300,00","R$ 2.070,00","à vista","no Pix","em","R$ 2.300,00","10x","de","R$ 230,00","(*) Em compras à partir de R$ 99,99","à vista no Pix *","ou","COMPRAR","https://protechorse.com.br/manta-professionals-choice-pelego-cfbd-branco-preto-18996",""
"https://protechorse.com.br/manta-professionals-choice-cxe-el-dorado-turquesa-preto-18998","https://img.irroba.com.br/fit-in/250x250/filters:format(webp):fill(fff):quality(80)/protecho/catalog/manta-professionals-choice/f143867413.jpg","Frete grátis","Manta Professionals Choice - CXE - El Dorado - Tur...","Professional's Choice","","","","","de","R$ 1.444,44","em","10x","R$ 144,44","(*) Em compras à partir de R$ 99,99","à vista no Pix *","ou","COMPRAR","https://protechorse.com.br/manta-professionals-choice-cxe-el-dorado-turquesa-preto-18998",""
"https://protechorse.com.br/manta-professionals-choice-cxe-el-dorado-cinza-rosa-18999","https://img.irroba.com.br/fit-in/250x250/filters:format(webp):fill(fff):quality(80)/protecho/catalog/manta-professionals-choice/f143867414.jpeg","Frete grátis","Manta Professionals Choice - CXE - El Dorado - Cin...","Professional's Choice","","","","","de","R$ 1.444,44","em","10x","R$ 144,44","(*) Em compras à partir de R$ 99,99","à vista no Pix *","ou","COMPRAR","https://protechorse.com.br/manta-professionals-choice-cxe-el-dorado-cinza-rosa-18999",""
"https://protechorse.com.br/manta-professionals-choice-la-cfrd-preto-19000","https://img.irroba.com.br/fit-in/250x250/filters:format(webp):fill(fff):quality(80)/protecho/catalog/cxorg/manta-air-ride-professionals-choice-la-merino-cor-carvao-cfbd-1.jpg","Frete grátis","Manta Cowboy Felt Air Ride Cor Carvão Professional...","Professional's Choice","R$ 2.300,00","R$ 2.070,00","à vista","no Pix","em","R$ 2.300,00","10x","de","R$ 230,00","(*) Em compras à partir de R$ 99,99","à vista no Pix *","ou","COMPRAR","https://protechorse.com.br/manta-professionals-choice-la-cfrd-preto-19000",""
"https://protechorse.com.br/manta-boots-horse-tambor-flow-tech-pad-preto-19001","https://img.irroba.com.br/fit-in/250x250/filters:format(webp):fill(fff):quality(80)/protecho/catalog/manta-flow-tech-pad/manta-flow-tech-pad-preta.jpg","Frete grátis","Manta Boots Horse Tambor - Flow Tech Pad - Preto ...","Boots Horse","","","","","de","R$ 694,44","em","9x","R$ 77,16","(*) Em compras à partir de R$ 99,99","à vista no Pix *","ou","COMPRAR","https://protechorse.com.br/manta-boots-horse-tambor-flow-tech-pad-preto-19001",""
"https://protechorse.com.br/manta-boots-horse-tambor-flow-tech-pad-marrom-19002","https://img.irroba.com.br/fit-in/250x250/filters:format(webp):fill(fff):quality(80)/protecho/catalog/manta-flow-tech-pad/manta-flow-tech-pad-marrom.jpg","Frete grátis","Manta Boots Horse Tambor - Flow Tech Pad - Marrom ...","Boots Horse","","","","","de","R$ 694,44","em","9x","R$ 77,16","(*) Em compras à partir de R$ 99,99","à vista no Pix *","ou","COMPRAR","https://protechorse.com.br/manta-boots-horse-tambor-flow-tech-pad-marrom-19002",""
"https://protechorse.com.br/manta-boots-horse-tambor-flow-tech-pad-cinza-marrom-claro-19003","https://img.irroba.com.br/fit-in/250x250/filters:format(webp):fill(fff):quality(80)/protecho/catalog/manta-flow-tech-pad/manta-flow-tech-pad-cinza-marrom-claro.jpg","Frete grátis","Manta Boots Horse Tambor - Flow Tech Pad - Cinza /...","Boots Horse","","","","","de","R$ 694,44","em","9x","R$ 77,16","(*) Em compras à partir de R$ 99,99","à vista no Pix *","ou","COMPRAR","https://protechorse.com.br/manta-boots-horse-tambor-flow-tech-pad-cinza-marrom-claro-19003",""
"https://protechorse.com.br/manta-boots-horse-tambor-flow-tech-pad-cinza-marrom-19004","https://img.irroba.com.br/fit-in/250x250/filters:format(webp):fill(fff):quality(80)/protecho/catalog/manta-flow-tech-pad/manta-flow-tech-pad-cinza-marrom-escuro.jpg","Frete grátis","Manta Boots Horse Tambor - Flow Tech Pad - Cinza /...","Boots Horse","","","","","de","R$ 694,44","em","9x","R$ 77,16","(*) Em compras à partir de R$ 99,99","à vista no Pix *","ou","COMPRAR","https://protechorse.com.br/manta-boots-horse-tambor-flow-tech-pad-cinza-marrom-19004",""
"https://protechorse.com.br/manta-boots-horse-tambor-flow-tech-pad-cinza-preto-19005","https://img.irroba.com.br/fit-in/250x250/filters:format(webp):fill(fff):quality(80)/protecho/catalog/manta-flow-tech-pad/manta-flow-tech-pad-cinza-preto.jpg","Frete grátis","Manta Boots Horse Tambor - Flow Tech Pad - Cinza /...","Boots Horse","","","","","de","R$ 694,44","em","9x","R$ 77,16","(*) Em compras à partir de R$ 99,99","à vista no Pix *","ou","COMPRAR","https://protechorse.com.br/manta-boots-horse-tambor-flow-tech-pad-cinza-preto-19005",""
"https://protechorse.com.br/manta-boots-horse-tambor-flow-tech-pad-marrom-preto-19006","https://img.irroba.com.br/fit-in/250x250/filters:format(webp):fill(fff):quality(80)/protecho/catalog/manta-flow-tech-pad/manta-flow-tech-pad-marrom-preta.jpg","Frete grátis","Manta Boots Horse Tambor - Flow Tech Pad - Marrom ...","Boots Horse","","","","","de","R$ 694,44","em","9x","R$ 77,16","(*) Em compras à partir de R$ 99,99","à vista no Pix *","ou","COMPRAR","https://protechorse.com.br/manta-boots-horse-tambor-flow-tech-pad-marrom-preto-19006",""
"https://protechorse.com.br/manta-boots-horse-tambor-flow-tech-pad-preta-marrom-19007","https://img.irroba.com.br/fit-in/250x250/filters:format(webp):fill(fff):quality(80)/protecho/catalog/manta-flow-tech-pad/manta-flow-tech-pad-preta-marrom.jpg","Frete grátis","Manta Boots Horse Tambor - Flow Tech Pad - Preta /...","Boots Horse","","","","","de","R$ 694,44","em","9x","R$ 77,16","(*) Em compras à partir de R$ 99,99","à vista no Pix *","ou","COMPRAR","https://protechorse.com.br/manta-boots-horse-tambor-flow-tech-pad-preta-marrom-19007",""
"https://protechorse.com.br/estribo-professional-choice-turquoise-feather-19097","https://img.irroba.com.br/fit-in/250x250/filters:format(webp):fill(fff):quality(80)/protecho/catalog/levantador-peiteira-boots/estribo-prof-choice.jpg","Frete grátis","Estribo Professionals Choice - Turquoise Feather -...","Professional's Choice","R$ 1.070,00","R$ 963,00","à vista","no Pix","em","R$ 1.070,00","10x","de","R$ 107,00","(*) Em compras à partir de R$ 99,99","à vista no Pix *","ou","COMPRAR","https://protechorse.com.br/estribo-professional-choice-turquoise-feather-19097",""
"https://protechorse.com.br/manta-weaver-tambor-all-purpose-36056-santa-fe-beige-brown-19115","https://img.irroba.com.br/fit-in/250x250/filters:format(webp):fill(fff):quality(80)/protecho/catalog/weaver/manta-weaver-all-purpose-santa-fe-navy-off-white.jpg","Frete grátis","Manta Weaver Tambor - All Purpose - 36056 - Santa ...","Weaver","R$ 950,00","R$ 855,00","à vista","no Pix","em","R$ 950,00","10x","de","R$ 95,00","(*) Em compras à partir de R$ 99,99","à vista no Pix *","ou","COMPRAR","https://protechorse.com.br/manta-weaver-tambor-all-purpose-36056-santa-fe-beige-brown-19115",""
"https://protechorse.com.br/manta-boots-horse-tambor-flow-tech-pad-estampa-boiadeira-19266","https://img.irroba.com.br/fit-in/250x250/filters:format(webp):fill(fff):quality(80)/protecho/catalog/manta-flow-tech-pad/manta-flow-tech-pad-estampa-boiadeira.jpg","Frete grátis","Manta Boots Horse Tambor - FLow Tech Pad - Estampa...","Boots Horse","R$ 800,00","R$ 720,00","à vista","no Pix","em","R$ 800,00","10x","de","R$ 80,00","(*) Em compras à partir de R$ 99,99","à vista no Pix *","ou","COMPRAR","https://protechorse.com.br/manta-boots-horse-tambor-flow-tech-pad-estampa-boiadeira-19266",""
"https://protechorse.com.br/barrigueira-wind-estreita-32-quot-boots-horse-estampa-boiadeira-19269","https://img.irroba.com.br/fit-in/250x250/filters:format(webp):fill(fff):quality(80)/protecho/catalog/barrigueira-wind-32-estampa-boiadeira-1.jpg","Frete grátis","Barrigueira Wind estreita 32"" - Boots Horse - Esta...","Boots Horse","R$ 380,00","R$ 342,00","à vista","no Pix","em","R$ 380,00","5x","de","R$ 76,00","(*) Em compras à partir de R$ 99,99","à vista no Pix *","ou","COMPRAR","https://protechorse.com.br/barrigueira-wind-estreita-32-quot-boots-horse-estampa-boiadeira-19269","- SÃO PAULO"
"https://protechorse.com.br/manta-impact-gel-redonda-cinza-caramelo-19470","https://img.irroba.com.br/fit-in/250x250/filters:format(webp):fill(fff):quality(80)/protecho/catalog/manta-classic-equine/manta-classic-impact-gel-redonda.jpg","Frete grátis","Manta Impact Gel Redonda - Cinza/Caramelo - 19470","Impact Gel","R$ 2.500,00","R$ 2.250,00","à vista","no Pix","em","R$ 2.500,00","10x","de","R$ 250,00","(*) Em compras à partir de R$ 99,99","à vista no Pix *","ou","COMPRAR","https://protechorse.com.br/manta-impact-gel-redonda-cinza-caramelo-19470",""
"https://protechorse.com.br/manta-boots-horse-reverse-pressure-la-curva-preto-marrom-claro-azul-royal-19519","https://img.irroba.com.br/fit-in/250x250/filters:format(webp):fill(transparent):quality(80)/protecho/catalog/manta-reverse-pressure/image-removebg-preview-2023-10-20t162903504.png","Frete grátis","MANTA BOOTS HORSE REVERSE PRESSURE LÃ CURVA - PRET...","Boots Horse","","","","","de","R$ 594,44","em","8x","R$ 74,31","(*) Em compras à partir de R$ 99,99","à vista no Pix *","ou","COMPRAR","https://protechorse.com.br/manta-boots-horse-reverse-pressure-la-curva-preto-marrom-claro-azul-royal-19519",""
"https://protechorse.com.br/manta-boots-horse-reverse-pressure-la-curva-bege-azul-royal-branco-verde-19521","https://img.irroba.com.br/fit-in/250x250/filters:format(webp):fill(transparent):quality(80)/protecho/catalog/manta-reverse-pressure/image-removebg-preview-98.20231020165029.png","Frete grátis","MANTA BOOTS HORSE REVERSE PRESSURE LÃ CURVA - BEGE...","Boots Horse","","","","","de","R$ 594,44","em","8x","R$ 74,31","(*) Em compras à partir de R$ 99,99","à vista no Pix *","ou","COMPRAR","https://protechorse.com.br/manta-boots-horse-reverse-pressure-la-curva-bege-azul-royal-branco-verde-19521",""
"https://protechorse.com.br/manta-boots-horse-reverse-pressure-la-curva-preto-bege-azul-petroleo-19523","https://img.irroba.com.br/fit-in/250x250/filters:format(webp):fill(transparent):quality(80)/protecho/catalog/manta-reverse-pressure/image-removebg-preview-2023-10-20t164738807.png","Frete grátis","MANTA BOOTS HORSE REVERSE PRESSURE LÃ CURVA - PRET...","Boots Horse","","","","","de","R$ 594,44","em","8x","R$ 74,31","(*) Em compras à partir de R$ 99,99","à vista no Pix *","ou","COMPRAR","https://protechorse.com.br/manta-boots-horse-reverse-pressure-la-curva-preto-bege-azul-petroleo-19523",""
"https://protechorse.com.br/manta-boots-horse-reverse-pressure-la-curva-cinza-rosa-vermelho-azul-roxo-19524","https://img.irroba.com.br/fit-in/250x250/filters:format(webp):fill(transparent):quality(80)/protecho/catalog/manta-reverse-pressure/image-removebg-preview-2023-10-20t164903063.png","Frete grátis","MANTA BOOTS HORSE REVERSE PRESSURE LÃ CURVA - CINZ...","Boots Horse","","","","","de","R$ 594,44","em","8x","R$ 74,31","(*) Em compras à partir de R$ 99,99","à vista no Pix *","ou","COMPRAR","https://protechorse.com.br/manta-boots-horse-reverse-pressure-la-curva-cinza-rosa-vermelho-azul-roxo-19524",""
"https://protechorse.com.br/manta-boots-horse-reverse-pressure-la-curva-preto-vermelho-verde-19528","https://img.irroba.com.br/fit-in/250x250/filters:format(webp):fill(transparent):quality(80)/protecho/catalog/manta-reverse-pressure/image-removebg-preview-2023-10-23t082558716.png","Frete grátis","MANTA BOOTS HORSE REVERSE PRESSURE LÃ CURVA - PRET...","Boots Horse","","","","","de","R$ 594,44","em","8x","R$ 74,31","(*) Em compras à partir de R$ 99,99","à vista no Pix *","ou","COMPRAR","https://protechorse.com.br/manta-boots-horse-reverse-pressure-la-curva-preto-vermelho-verde-19528",""
"https://protechorse.com.br/manta-boots-horse-reverse-pressure-la-reta-laranja-preto-vermelho-19540","https://img.irroba.com.br/fit-in/250x250/filters:format(webp):fill(transparent):quality(80)/protecho/catalog/manta-reverse-pressure-reta/image-removebg-preview-98.png","Frete grátis","MANTA BOOTS HORSE REVERSE PRESSURE LÃ RETA - LARAN...","Boots Horse","","","","","de","R$ 594,44","em","8x","R$ 74,31","(*) Em compras à partir de R$ 99,99","à vista no Pix *","ou","COMPRAR","https://protechorse.com.br/manta-boots-horse-reverse-pressure-la-reta-laranja-preto-vermelho-19540",""
"https://protechorse.com.br/manta-boots-horse-flex-chip-tambor-redonda-feltro-estampa-borboletas-19626","https://img.irroba.com.br/fit-in/250x250/filters:format(webp):fill(fff):quality(80)/protecho/catalog/manta-flex-chip/manta-flex-chip-redonda-borboleta.jpg","Frete grátis","Manta Boots Horse Flex Chip Tambor Redonda Feltro ...","Boots Horse","R$ 600,00","R$ 540,00","à vista","no Pix","em","R$ 600,00","8x","de","R$ 75,00","(*) Em compras à partir de R$ 99,99","à vista no Pix *","ou","COMPRAR","https://protechorse.com.br/manta-boots-horse-flex-chip-tambor-redonda-feltro-estampa-borboletas-19626",""
"https://protechorse.com.br/barrigueira-wind-estreita-32-quot-boots-horse-estampa-a25-19636","https://img.irroba.com.br/fit-in/250x250/filters:format(webp):fill(fff):quality(80)/protecho/catalog/barrigueiras/barrigueirawind-a25.jpg","Frete grátis","Barrigueira Wind estreita 32"" - Boots Horse - Esta...","Boots Horse","R$ 380,00","R$ 342,00","à vista","no Pix","em","R$ 380,00","5x","de","R$ 76,00","(*) Em compras à partir de R$ 99,99","à vista no Pix *","ou","COMPRAR","https://protechorse.com.br/barrigueira-wind-estreita-32-quot-boots-horse-estampa-a25-19636","- SÃO PAULO"
"https://protechorse.com.br/manta-boots-horse-tambor-flex-chip-quadrada-feltro-rosa-caramelo-19640","https://img.irroba.com.br/fit-in/250x250/filters:format(webp):fill(fff):quality(80)/protecho/catalog/manta-boots-horse/manta-flex-chip-quadrada-feltro-rosa-caramelo.jpeg","Frete grátis","Manta Boots Horse Tambor Flex Chip Quadrada Feltro...","Boots Horse","R$ 560,00","R$ 504,00","à vista","no Pix","em","R$ 560,00","8x","de","R$ 70,00","(*) Em compras à partir de R$ 99,99","à vista no Pix *","ou","COMPRAR","https://protechorse.com.br/manta-boots-horse-tambor-flex-chip-quadrada-feltro-rosa-caramelo-19640",""
"https://protechorse.com.br/manta-boots-horse-tambor-flex-chip-quadrada-feltro-preto-verde-agua-19641","https://img.irroba.com.br/fit-in/250x250/filters:format(webp):fill(fff):quality(80)/protecho/catalog/manta-boots-horse/manta-flex-chip-quadrada-feltro-preta-verde-agua.jpeg","Frete grátis","Manta Boots Horse Tambor Flex Chip Quadrada Feltro...","Boots Horse","R$ 560,00","R$ 504,00","à vista","no Pix","em","R$ 560,00","8x","de","R$ 70,00","(*) Em compras à partir de R$ 99,99","à vista no Pix *","ou","COMPRAR","https://protechorse.com.br/manta-boots-horse-tambor-flex-chip-quadrada-feltro-preto-verde-agua-19641",""
"https://protechorse.com.br/manta-boots-horse-tambor-flex-chip-quadrada-feltro-rosa-preto-19642","https://img.irroba.com.br/fit-in/250x250/filters:format(webp):fill(fff):quality(80)/protecho/catalog/manta-boots-horse/manta-flex-chip-quadrada-feltro.jpg","Frete grátis","Manta Boots Horse Tambor Flex Chip Quadrada Feltro...","Boots Horse","R$ 560,00","R$ 504,00","à vista","no Pix","em","R$ 560,00","8x","de","R$ 70,00","(*) Em compras à partir de R$ 99,99","à vista no Pix *","ou","COMPRAR","https://protechorse.com.br/manta-boots-horse-tambor-flex-chip-quadrada-feltro-rosa-preto-19642",""
"https://protechorse.com.br/manta-boots-horse-tambor-flex-chip-quadrada-feltro-roxo-cafe-19646","https://img.irroba.com.br/fit-in/250x250/filters:format(webp):fill(fff):quality(80)/protecho/catalog/mantas-boots-horse-marco/c249d151-afe4-43f1-8b4a-0258cf106ef2.jpeg","Frete grátis","Manta Boots Horse Tambor Flex Chip Quadrada Feltro...","Boots Horse","R$ 560,00","R$ 504,00","à vista","no Pix","em","R$ 560,00","8x","de","R$ 70,00","(*) Em compras à partir de R$ 99,99","à vista no Pix *","ou","COMPRAR","https://protechorse.com.br/manta-boots-horse-tambor-flex-chip-quadrada-feltro-roxo-cafe-19646",""
"https://protechorse.com.br/talco-para-laco-tomahawk-19721","https://img.irroba.com.br/fit-in/250x250/filters:format(webp):fill(fff):quality(80)/protecho/catalog/tomahawk/talco-para-laco.jpg","","TALCO PARA LAÇO TOMAHAWK - 19721","Tomahawk","R$ 15,00","R$ 13,50","à vista","no Pix","em","R$ 15,00","1x","de","R$ 15,00","(*) Em compras à partir de R$ 99,99","à vista no Pix *","ou","COMPRAR","https://protechorse.com.br/talco-para-laco-tomahawk-19721",""
"https://protechorse.com.br/manta-mustang-com-estribo-9685-estampa-01-19791","https://img.irroba.com.br/fit-in/250x250/filters:format(webp):fill(fff):quality(80)/protecho/catalog/mustang/whatsapp-image-2023-12-08-at-124503.jpeg","Frete grátis","MANTA MUSTANG COM ESTRIBO - 9685 - ESTAMPA 01 - 19...","Mustang","R$ 900,00","R$ 810,00","à vista","no Pix","em","R$ 900,00","10x","de","R$ 90,00","(*) Em compras à partir de R$ 99,99","à vista no Pix *","ou","COMPRAR","https://protechorse.com.br/manta-mustang-com-estribo-9685-estampa-01-19791",""
"https://protechorse.com.br/manta-mustang-com-estribo-9685-estampa-02-19792","https://img.irroba.com.br/fit-in/250x250/filters:format(webp):fill(fff):quality(80)/protecho/catalog/mustang/whatsapp-image-2023-12-08-at-124509.jpeg","Frete grátis","MANTA MUSTANG COM ESTRIBO - 9685 - ESTAMPA 02 - 19...","Mustang","R$ 900,00","R$ 810,00","à vista","no Pix","em","R$ 900,00","10x","de","R$ 90,00","(*) Em compras à partir de R$ 99,99","à vista no Pix *","ou","COMPRAR","https://protechorse.com.br/manta-mustang-com-estribo-9685-estampa-02-19792",""
"https://protechorse.com.br/manta-mustang-com-estribo-9685-estampa-02-copia-19793","https://img.irroba.com.br/fit-in/250x250/filters:format(webp):fill(fff):quality(80)/protecho/catalog/mustang/whatsapp-image-2023-12-08-at-125055.jpeg","Frete grátis","MANTA MUSTANG COM ESTRIBO - 9685 - ESTAMPA 03 - 19...","Mustang","R$ 900,00","R$ 810,00","à vista","no Pix","em","R$ 900,00","10x","de","R$ 90,00","(*) Em compras à partir de R$ 99,99","à vista no Pix *","ou","COMPRAR","https://protechorse.com.br/manta-mustang-com-estribo-9685-estampa-02-copia-19793",""
"https://protechorse.com.br/manta-mustang-com-estribo-9685-estampa-04-19794","https://img.irroba.com.br/fit-in/250x250/filters:format(webp):fill(fff):quality(80)/protecho/catalog/mustang/whatsapp-image-2023-12-08-at-125244.jpeg","Frete grátis","MANTA MUSTANG COM ESTRIBO - 9685 - ESTAMPA 04 - 19...","Mustang","R$ 900,00","R$ 810,00","à vista","no Pix","em","R$ 900,00","10x","de","R$ 90,00","(*) Em compras à partir de R$ 99,99","à vista no Pix *","ou","COMPRAR","https://protechorse.com.br/manta-mustang-com-estribo-9685-estampa-04-19794",""
"https://protechorse.com.br/manta-boots-horse-air-max-pad-normal-pelego-19795","https://img.irroba.com.br/fit-in/250x250/filters:format(webp):fill(fff):quality(80)/protecho/catalog/boots-horse/whatsapp-image-2023-12-08-at-35933-pm.jpeg","Frete grátis","Manta Boots Horse Air Max Pad Normal Tambor - Pele...","Boots Horse","R$ 1.130,00","R$ 1.017,00","à vista","no Pix","em","R$ 1.130,00","10x","de","R$ 113,00","(*) Em compras à partir de R$ 99,99","à vista no Pix *","ou","COMPRAR","https://protechorse.com.br/manta-boots-horse-air-max-pad-normal-pelego-19795",""
"https://protechorse.com.br/manta-boots-horse-flex-chip-tambor-quadrada-peso-pelego-preto-19989","https://img.irroba.com.br/fit-in/250x250/filters:format(webp):fill(fff):quality(80)/protecho/catalog/manta-de-peso/manta-boots-horse-flex-chip-tambor-peso-pelego-preta.jpg","Frete grátis","Manta Boots Horse Flex Chip Tambor Quadrada - Peso...","Boots Horse","R$ 545,00","R$ 490,50","à vista","no Pix","em","R$ 545,00","7x","de","R$ 77,86","(*) Em compras à partir de R$ 99,99","à vista no Pix *","ou","COMPRAR","https://protechorse.com.br/manta-boots-horse-flex-chip-tambor-quadrada-peso-pelego-preto-19989",""
"https://protechorse.com.br/manta-boots-horse-flex-chip-tambor-quadrada-peso-pelego-marrom-preto-19990","https://img.irroba.com.br/fit-in/250x250/filters:format(webp):fill(fff):quality(80)/protecho/catalog/manta-de-peso/manta-boots-horse-flex-chip-tambor-peso-pelego-marrom-preta.jpg","Frete grátis","Manta Boots Horse Flex Chip Tambor Quadrada - Peso...","Boots Horse","R$ 545,00","R$ 490,50","à vista","no Pix","em","R$ 545,00","7x","de","R$ 77,86","(*) Em compras à partir de R$ 99,99","à vista no Pix *","ou","COMPRAR","https://protechorse.com.br/manta-boots-horse-flex-chip-tambor-quadrada-peso-pelego-marrom-preto-19990",""
"https://protechorse.com.br/manta-boots-horse-flex-chip-tambor-quadrada-peso-feltro-marrom-preto-19991","https://img.irroba.com.br/fit-in/250x250/filters:format(webp):fill(fff):quality(80)/protecho/catalog/manta-de-peso/manta-boots-horse-flex-chip-tambor-peso-feltro-marrom-preta.jpg","Frete grátis","Manta Boots Horse Flex Chip Tambor Quadrada - Peso...","Boots Horse","R$ 500,00","R$ 450,00","à vista","no Pix","em","R$ 500,00","7x","de","R$ 71,43","(*) Em compras à partir de R$ 99,99","à vista no Pix *","ou","COMPRAR","https://protechorse.com.br/manta-boots-horse-flex-chip-tambor-quadrada-peso-feltro-marrom-preto-19991",""
"https://protechorse.com.br/manta-boots-horse-flex-chip-tambor-quadrada-peso-feltro-cinza-preto-19992","https://img.irroba.com.br/fit-in/250x250/filters:format(webp):fill(fff):quality(80)/protecho/catalog/manta-de-peso/whatsapp-image-2024-01-23-at-105052-am.jpeg","Frete grátis","Manta Boots Horse Flex Chip Tambor Quadrada - Peso...","Boots Horse","R$ 500,00","R$ 450,00","à vista","no Pix","em","R$ 500,00","7x","de","R$ 71,43","(*) Em compras à partir de R$ 99,99","à vista no Pix *","ou","COMPRAR","https://protechorse.com.br/manta-boots-horse-flex-chip-tambor-quadrada-peso-feltro-cinza-preto-19992",""
"https://protechorse.com.br/manta-boots-horse-reverse-pressure-la-curva-preto-verde-vermelho-branco-20079","https://img.irroba.com.br/fit-in/250x250/filters:format(webp):fill(fff):quality(80)/protecho/catalog/reverse-pressure-nova/8.jpg","Frete grátis","MANTA BOOTS HORSE REVERSE PRESSURE LÃ CURVA - PRET...","Boots Horse","","","","","de","R$ 594,44","em","8x","R$ 74,31","(*) Em compras à partir de R$ 99,99","à vista no Pix *","ou","COMPRAR","https://protechorse.com.br/manta-boots-horse-reverse-pressure-la-curva-preto-verde-vermelho-branco-20079",""
"https://protechorse.com.br/conjunto-latico-e-contra-latico-protec-horse-20305","https://img.irroba.com.br/fit-in/250x250/filters:format(webp):fill(fff):quality(80)/protecho/catalog/latico-e-contra-nacional-13022019.jpg","","Conjunto Latico e Contra Latico - Protec Horse - ...","Protec Horse","R$ 140,00","R$ 126,00","à vista","no Pix","em","R$ 140,00","2x","de","R$ 70,00","(*) Em compras à partir de R$ 99,99","à vista no Pix *","ou","COMPRAR","https://protechorse.com.br/conjunto-latico-e-contra-latico-protec-horse-20305",""
"https://protechorse.com.br/manta-boots-horse-flex-chip-tambor-quadrada-pelego-preto-preto-20507","https://img.irroba.com.br/fit-in/250x250/filters:format(webp):fill(fff):quality(80)/protecho/catalog/manta-flex-chip/78896514-d6de-4953-89c0-94db84910b23.jpg","Frete grátis","Manta Boots Horse Flex Chip Tambor Quadrada Pelego...","Boots Horse","R$ 600,00","R$ 540,00","à vista","no Pix","em","R$ 600,00","8x","de","R$ 75,00","(*) Em compras à partir de R$ 99,99","à vista no Pix *","ou","COMPRAR","https://protechorse.com.br/manta-boots-horse-flex-chip-tambor-quadrada-pelego-preto-preto-20507",""
"https://protechorse.com.br/manta-boots-horse-laco-air-max-pad-com-pelego-20724","https://img.irroba.com.br/fit-in/250x250/filters:format(webp):fill(fff):quality(80)/protecho/catalog/mantaairmaxpadlaco.jpg","Frete grátis","Manta Boots Horse Laco Air Max Pad - Com Pelego -...","Boots Horse","R$ 1.130,00","R$ 1.017,00","à vista","no Pix","em","R$ 1.130,00","10x","de","R$ 113,00","(*) Em compras à partir de R$ 99,99","à vista no Pix *","ou","COMPRAR","https://protechorse.com.br/manta-boots-horse-laco-air-max-pad-com-pelego-20724",""
"https://protechorse.com.br/manta-boots-horse-combat-algodao-flecha-preto-roxo-branco-20769","https://img.irroba.com.br/fit-in/250x250/filters:format(webp):fill(fff):quality(80)/protecho/catalog/combat-13-12-24/manta-boots-horse-combat-algodao-flecha-preto-roxo-branco.jpg","Frete grátis","Manta Boots Horse Combat Algodão - Flecha-Preto-Ro...","Boots Horse","R$ 320,00","R$ 288,00","à vista","no Pix","em","R$ 320,00","4x","de","R$ 80,00","(*) Em compras à partir de R$ 99,99","à vista no Pix *","ou","COMPRAR","https://protechorse.com.br/manta-boots-horse-combat-algodao-flecha-preto-roxo-branco-20769","- SÃO PAULO"
"https://protechorse.com.br/coleira-aerofagica-couro-protec-horse-copia-20796","https://img.irroba.com.br/fit-in/250x250/filters:format(webp):fill(fff):quality(80)/protecho/catalog/calca-self-wester-08-01-25/coleira-aerofagica-boots-horse.jpg","","Coleira Aerofagica Couro - BOOTS HORSE - 20796","Boots Horse","R$ 195,00","R$ 175,50","à vista","no Pix","em","R$ 195,00","2x","de","R$ 97,50","(*) Em compras à partir de R$ 99,99","à vista no Pix *","ou","COMPRAR","https://protechorse.com.br/coleira-aerofagica-couro-protec-horse-copia-20796",""
"https://protechorse.com.br/manta-boots-horse-combat-algodao-azul-marinho-branco-e-preto-20872","https://img.irroba.com.br/fit-in/250x250/filters:format(webp):fill(fff):quality(80)/protecho/catalog/mantas-boots-horse-combat-05-02-25/manta-combat-boots-horse-4.jpg","Frete grátis","Manta Boots Horse Combat Algodão- Azul Marinho/Bra...","","R$ 320,00","R$ 288,00","à vista","no Pix","em","R$ 320,00","4x","de","R$ 80,00","(*) Em compras à partir de R$ 99,99","à vista no Pix *","ou","COMPRAR","https://protechorse.com.br/manta-boots-horse-combat-algodao-azul-marinho-branco-e-preto-20872","- SÃO PAULO"
"https://protechorse.com.br/barrigueira-wind-larga-boots-horse-32-estampa-boiadeira-20923","https://img.irroba.com.br/fit-in/250x250/filters:format(webp):fill(fff):quality(80)/protecho/catalog/barrigueira-estampa-boiadeira-24-03-25/barrigueira-wind-larga-boots-horse-32-estampa-boiadeira.jpg","Frete grátis","Barrigueira Wind Larga Boots Horse 32- Estampa Boi...","Boots Horse","R$ 380,00","R$ 342,00","à vista","no Pix","em","R$ 380,00","5x","de","R$ 76,00","(*) Em compras à partir de R$ 99,99","à vista no Pix *","ou","COMPRAR","https://protechorse.com.br/barrigueira-wind-larga-boots-horse-32-estampa-boiadeira-20923","- SÃO PAULO"
"https://protechorse.com.br/barrigueira-fio-de-la-creme-boots-horse-20926","https://img.irroba.com.br/fit-in/250x250/filters:format(webp):fill(fff):quality(80)/protecho/catalog/barrigueiras-fio-de-la-creme-e-marrom-25-03-25/barrigueira-fio-de-la-creme-boots-horse.jpeg","Frete grátis","Barrigueira Fio de Lã Creme - Boots Horse - 20926","Boots Horse","R$ 330,00","R$ 297,00","à vista","no Pix","em","R$ 330,00","4x","de","R$ 82,50","(*) Em compras à partir de R$ 99,99","à vista no Pix *","ou","COMPRAR","https://protechorse.com.br/barrigueira-fio-de-la-creme-boots-horse-20926","- SÃO PAULO"
"https://protechorse.com.br/barrigueira-fio-de-la-marrom-boots-horse-20927","https://img.irroba.com.br/fit-in/250x250/filters:format(webp):fill(fff):quality(80)/protecho/catalog/barrigueiras-fio-de-la-creme-e-marrom-25-03-25/barrigueira-fio-de-la-marrom-boots-horse.jpeg","Frete grátis","Barrigueira Fio de Lã Marrom - Boots Horse - 2092...","Boots Horse","R$ 330,00","R$ 297,00","à vista","no Pix","em","R$ 330,00","4x","de","R$ 82,50","(*) Em compras à partir de R$ 99,99","à vista no Pix *","ou","COMPRAR","https://protechorse.com.br/barrigueira-fio-de-la-marrom-boots-horse-20927","- SÃO PAULO"
"https://protechorse.com.br/manta-impact-gel-redonda-preto-20937","https://img.irroba.com.br/fit-in/250x250/filters:format(webp):fill(fff):quality(80)/protecho/catalog/manta-impact-gel/manta-impact-gel-preta.jpg","Frete grátis","Manta Impact Gel Redonda - Preto - 20937","Impact Gel","R$ 2.500,00","R$ 2.250,00","à vista","no Pix","em","R$ 2.500,00","10x","de","R$ 250,00","(*) Em compras à partir de R$ 99,99","à vista no Pix *","ou","COMPRAR","https://protechorse.com.br/manta-impact-gel-redonda-preto-20937",""
"https://protechorse.com.br/estribo-floral-aluminio-boots-horse-21100","https://img.irroba.com.br/fit-in/250x250/filters:format(webp):fill(fff):quality(80)/protecho/catalog/estribo-floral-boots-horse/estribo-floral-aluminio-boots-horse.jpg","Frete grátis","Estribo Floral Aluminio Boots Horse - 21100","Boots Horse","R$ 495,00","R$ 445,50","à vista","no Pix","em","R$ 495,00","7x","de","R$ 70,71","(*) Em compras à partir de R$ 99,99","à vista no Pix *","ou","COMPRAR","https://protechorse.com.br/estribo-floral-aluminio-boots-horse-21100",""
"https://protechorse.com.br/barrigueira-neoprene-combat-padrao-32-quot-polegedas-boots-horse-21115","https://img.irroba.com.br/fit-in/250x250/filters:format(webp):fill(fff):quality(80)/protecho/catalog/barrigueiras/cores.jpg","Frete grátis","Barrigueira Neoprene Combat Padrão 32"" Polegedas -...","Boots Horse","R$ 220,00","R$ 198,00","à vista","no Pix","em","R$ 220,00","3x","de","R$ 73,33","(*) Em compras à partir de R$ 99,99","à vista no Pix *","ou","COMPRAR","https://protechorse.com.br/barrigueira-neoprene-combat-padrao-32-quot-polegedas-boots-horse-21115","- SÃO PAULO"
"https://protechorse.com.br/barrigueira-neoprene-combat-colors-32-quot-polegadas-boots-horse-copia-21116","https://img.irroba.com.br/fit-in/250x250/filters:format(webp):fill(fff):quality(80)/protecho/catalog/barrigueira-combat/todas.jpg","Frete grátis","Barrigueira Neoprene Combat Colors 32"" Polegadas -...","Boots Horse","R$ 260,00","R$ 234,00","à vista","no Pix","em","R$ 260,00","3x","de","R$ 86,67","(*) Em compras à partir de R$ 99,99","à vista no Pix *","ou","COMPRAR","https://protechorse.com.br/barrigueira-neoprene-combat-colors-32-quot-polegadas-boots-horse-copia-21116","- SÃO PAULO"
"https://protechorse.com.br/refil-barrigueira-estreita-boots-horse-21170","https://img.irroba.com.br/fit-in/250x250/filters:format(webp):fill(fff):quality(80)/protecho/catalog/barrigueira-protec/8e3f32e5-33ee-4ac8-968b-22bb9c66d9eb.jpg","","Refil Barrigueira Wind Estreita 32"" - Boots Horse ...","Protec Horse","R$ 140,00","R$ 126,00","à vista","no Pix","em","R$ 140,00","2x","de","R$ 70,00","(*) Em compras à partir de R$ 99,99","à vista no Pix *","ou","COMPRAR","https://protechorse.com.br/refil-barrigueira-estreita-boots-horse-21170",""
"https://protechorse.com.br/barrigueira-estreita-air-max-premium-boots-horse-21195","https://img.irroba.com.br/fit-in/250x250/filters:format(webp):fill(fff):quality(80)/protecho/catalog/barrigueira-boots-premium/barrigueira-estreita-air-max.jpeg","Frete grátis","Barrigueira Estreita Air Max Premium - Boots Horse...","Boots Horse","R$ 415,00","R$ 373,50","à vista","no Pix","em","R$ 415,00","5x","de","R$ 83,00","(*) Em compras à partir de R$ 99,99","à vista no Pix *","ou","COMPRAR","https://protechorse.com.br/barrigueira-estreita-air-max-premium-boots-horse-21195",""
"https://protechorse.com.br/barrigueira-larga-air-max-premium-boots-horse-21196","https://img.irroba.com.br/fit-in/250x250/filters:format(webp):fill(fff):quality(80)/protecho/catalog/barrigueira-boots-premium/barrigueira-larga-air-max.jpeg","Frete grátis","Barrigueira Larga Air Max Premium - Boots Horse - ...","Boots Horse","R$ 470,00","R$ 423,00","à vista","no Pix","em","R$ 470,00","6x","de","R$ 78,33","(*) Em compras à partir de R$ 99,99","à vista no Pix *","ou","COMPRAR","https://protechorse.com.br/barrigueira-larga-air-max-premium-boots-horse-21196",""
"https://protechorse.com.br/estribo-de-aluminio-modelo-importado-equitech-21203","https://img.irroba.com.br/fit-in/250x250/filters:format(webp):fill(fff):quality(80)/protecho/catalog/estribo-equitech/estribo-aluminio-inclinado-equitech.jpg","Frete grátis","Estribo de Alumínio Modelo importado - Equitech - ...","Equitech","R$ 280,00","R$ 252,00","à vista","no Pix","em","R$ 280,00","4x","de","R$ 70,00","(*) Em compras à partir de R$ 99,99","à vista no Pix *","ou","COMPRAR","https://protechorse.com.br/estribo-de-aluminio-modelo-importado-equitech-21203","- SÃO PAULO"
"https://protechorse.com.br/manta-boots-horse-combat-tambor-algodao-cinza-verde-laranja-21301","https://img.irroba.com.br/fit-in/250x250/filters:format(webp):fill(fff):quality(80)/protecho/catalog/combat-11-11-2025/manta-boots-horse-combat-tambor-algodao-cinza-verde-laranja.jpg","Frete grátis","Manta Boots Horse Combat Tambor Algodão Cinza Verd...","Boots Horse","R$ 320,00","R$ 288,00","à vista","no Pix","em","R$ 320,00","4x","de","R$ 80,00","(*) Em compras à partir de R$ 99,99","à vista no Pix *","ou","COMPRAR","https://protechorse.com.br/manta-boots-horse-combat-tambor-algodao-cinza-verde-laranja-21301","- SÃO PAULO"
"https://protechorse.com.br/manta-boots-horse-combat-tambor-algodao-magenta-preto-branco-21302","https://img.irroba.com.br/fit-in/250x250/filters:format(webp):fill(fff):quality(80)/protecho/catalog/combat-11-11-2025/manta-boots-horse-combat-tambor-algodao-magenta-preto-branco.jpg","Frete grátis","Manta Boots Horse Combat Tambor Algodão Magenta Pr...","Boots Horse","R$ 320,00","R$ 288,00","à vista","no Pix","em","R$ 320,00","4x","de","R$ 80,00","(*) Em compras à partir de R$ 99,99","à vista no Pix *","ou","COMPRAR","https://protechorse.com.br/manta-boots-horse-combat-tambor-algodao-magenta-preto-branco-21302","- SÃO PAULO"
"https://protechorse.com.br/manta-boots-horse-combat-tambor-algodao-marrom-bege-vermelho-21303","https://img.irroba.com.br/fit-in/250x250/filters:format(webp):fill(fff):quality(80)/protecho/catalog/combat-11-11-2025/manta-boots-horse-combat-tambor-algodao-marrom-bege-vermelho.jpg","Frete grátis","Manta Boots Horse Combat Tambor Algodão Marrom Beg...","Boots Horse","R$ 320,00","R$ 288,00","à vista","no Pix","em","R$ 320,00","4x","de","R$ 80,00","(*) Em compras à partir de R$ 99,99","à vista no Pix *","ou","COMPRAR","https://protechorse.com.br/manta-boots-horse-combat-tambor-algodao-marrom-bege-vermelho-21303","- SÃO PAULO"
"https://protechorse.com.br/manta-boots-horse-combat-tambor-algodao-tiffany-amarelo-rosa-21307","https://img.irroba.com.br/fit-in/250x250/filters:format(webp):fill(fff):quality(80)/protecho/catalog/combat-11-11-2025/manta-boots-horse-combat-tambor-algodao-tiffany-amarelo-rosa.jpg","Frete grátis","Manta Boots Horse Combat Tambor Algodão Tiffany Am...","Boots Horse","R$ 320,00","R$ 288,00","à vista","no Pix","em","R$ 320,00","4x","de","R$ 80,00","(*) Em compras à partir de R$ 99,99","à vista no Pix *","ou","COMPRAR","https://protechorse.com.br/manta-boots-horse-combat-tambor-algodao-tiffany-amarelo-rosa-21307","- SÃO PAULO"
"https://protechorse.com.br/manta-boots-horse-combat-tambor-algodao-verde-branco-preto-21310","https://img.irroba.com.br/fit-in/250x250/filters:format(webp):fill(fff):quality(80)/protecho/catalog/combat-11-11-2025/manta-boots-horse-combat-tambor-algodao-verde-branco-preto.jpg","Frete grátis","Manta Boots Horse Combat Tambor Algodão Verde Bran...","Boots Horse","R$ 320,00","R$ 288,00","à vista","no Pix","em","R$ 320,00","4x","de","R$ 80,00","(*) Em compras à partir de R$ 99,99","à vista no Pix *","ou","COMPRAR","https://protechorse.com.br/manta-boots-horse-combat-tambor-algodao-verde-branco-preto-21310","- SÃO PAULO"
"https://protechorse.com.br/manta-boots-horse-combat-tambor-algodao-vinho-turquesa-amarelo-21312","https://img.irroba.com.br/fit-in/250x250/filters:format(webp):fill(fff):quality(80)/protecho/catalog/combat-11-11-2025/manta-boots-horse-combat-tambor-algodao-vinho-turquesa-amarelo.jpg","Frete grátis","Manta Boots Horse Combat Tambor Algodão Vinho Turq...","Boots Horse","R$ 320,00","R$ 288,00","à vista","no Pix","em","R$ 320,00","4x","de","R$ 80,00","(*) Em compras à partir de R$ 99,99","à vista no Pix *","ou","COMPRAR","https://protechorse.com.br/manta-boots-horse-combat-tambor-algodao-vinho-turquesa-amarelo-21312","- SÃO PAULO"
"https://protechorse.com.br/manta-mustang-com-estribo-9685-estampa-04","https://img.irroba.com.br/fit-in/250x250/filters:format(webp):fill(fff):quality(80)/protecho/catalog/manta-mreis-equo/manta-de-equoterapia-mreis-3.jpg","Frete grátis","Manta De Equoterapia MReis - 21318","Mreis","R$ 500,00","R$ 450,00","à vista","no Pix","em","R$ 500,00","7x","de","R$ 71,43","(*) Em compras à partir de R$ 99,99","à vista no Pix *","ou","COMPRAR","https://protechorse.com.br/manta-mustang-com-estribo-9685-estampa-04",""
"https://protechorse.com.br/manta-marchador-air-max-pad-small-fundo-preto-boots-horse-21352","https://img.irroba.com.br/fit-in/250x250/filters:format(webp):fill(fff):quality(80)/protecho/catalog/manta-boots-air-max/manta-marchador-air-max-pad-small-fundo-preto-boots-horse.jpg","Frete grátis","Manta Marchador Air Max Pad Small Fundo Preto - Bo...","Boots Horse","R$ 1.130,00","R$ 1.017,00","à vista","no Pix","em","R$ 1.130,00","10x","de","R$ 113,00","(*) Em compras à partir de R$ 99,99","à vista no Pix *","ou","COMPRAR","https://protechorse.com.br/manta-marchador-air-max-pad-small-fundo-preto-boots-horse-21352",""
"https://protechorse.com.br/manta-boots-horse-tambor-evolution-quadrada-la-cinza-21397","https://img.irroba.com.br/fit-in/250x250/filters:format(webp):fill(fff):quality(80)/protecho/catalog/evolution/cinza.jpg","Frete grátis","Manta Boots Horse EVOLUTION - Quadrada Lã - Cinza ...","Boots Horse","R$ 1.000,00","R$ 900,00","à vista","no Pix","em","R$ 1.000,00","10x","de","R$ 100,00","(*) Em compras à partir de R$ 99,99","à vista no Pix *","ou","COMPRAR","https://protechorse.com.br/manta-boots-horse-tambor-evolution-quadrada-la-cinza-21397",""
"https://protechorse.com.br/manta-boots-horse-evolution-quadrada-la-marrom-21398","https://img.irroba.com.br/fit-in/250x250/filters:format(webp):fill(fff):quality(80)/protecho/catalog/evolution/marrom.jpg","Frete grátis","Manta Boots Horse EVOLUTION - Quadrada Lã - Marrom...","Boots Horse","R$ 1.000,00","R$ 900,00","à vista","no Pix","em","R$ 1.000,00","10x","de","R$ 100,00","(*) Em compras à partir de R$ 99,99","à vista no Pix *","ou","COMPRAR","https://protechorse.com.br/manta-boots-horse-evolution-quadrada-la-marrom-21398",""
"https://protechorse.com.br/manta-boots-horse-combat-tambor-algodao-amarelo-preto-vermelho-21404","https://img.irroba.com.br/fit-in/250x250/filters:format(webp):fill(fff):quality(80)/protecho/catalog/manta-combat-21012025/manta-boots-horse-combat-tambor-algodao-amarelo-preto-vermelho.jpg","Frete grátis","Manta Boots Horse Combat Tambor Algodão Amarelo Pr...","Boots Horse","R$ 320,00","R$ 288,00","à vista","no Pix","em","R$ 320,00","4x","de","R$ 80,00","(*) Em compras à partir de R$ 99,99","à vista no Pix *","ou","COMPRAR","https://protechorse.com.br/manta-boots-horse-combat-tambor-algodao-amarelo-preto-vermelho-21404","- SÃO PAULO"
"https://protechorse.com.br/manta-boots-horse-combat-tambor-algodao-azul-bebe-preto-branco-21405","https://img.irroba.com.br/fit-in/250x250/filters:format(webp):fill(fff):quality(80)/protecho/catalog/manta-combat-21012025/manta-boots-horse-combat-tambor-algodao-azul-bebe-preto-branco.jpg","Frete grátis","Manta Boots Horse Combat Tambor Algodão Azul Bebê ...","Boots Horse","R$ 320,00","R$ 288,00","à vista","no Pix","em","R$ 320,00","4x","de","R$ 80,00","(*) Em compras à partir de R$ 99,99","à vista no Pix *","ou","COMPRAR","https://protechorse.com.br/manta-boots-horse-combat-tambor-algodao-azul-bebe-preto-branco-21405","- SÃO PAULO"
"https://protechorse.com.br/manta-boots-horse-combat-tambor-algodao-azul-marinho-bege-marrom-21407","https://img.irroba.com.br/fit-in/250x250/filters:format(webp):fill(fff):quality(80)/protecho/catalog/manta-combat-21012025/manta-boots-horse-combat-tambor-algodao-azul-marinho-bege-marrom.jpg","Frete grátis","Manta Boots Horse Combat Tambor Algodão Azul Marin...","Boots Horse","R$ 320,00","R$ 288,00","à vista","no Pix","em","R$ 320,00","4x","de","R$ 80,00","(*) Em compras à partir de R$ 99,99","à vista no Pix *","ou","COMPRAR","https://protechorse.com.br/manta-boots-horse-combat-tambor-algodao-azul-marinho-bege-marrom-21407","- SÃO PAULO"
"https://protechorse.com.br/manta-boots-horse-combat-tambor-algodao-azul-royal-branco-vermelho-21412","https://img.irroba.com.br/fit-in/250x250/filters:format(webp):fill(fff):quality(80)/protecho/catalog/manta-combat-21012025/manta-boots-horse-combat-tambor-algodao-azul-royal-branco-vermelho.jpg","Frete grátis","Manta Boots Horse Combat Tambor Algodão Azul Royal...","Boots Horse","R$ 320,00","R$ 288,00","à vista","no Pix","em","R$ 320,00","4x","de","R$ 80,00","(*) Em compras à partir de R$ 99,99","à vista no Pix *","ou","COMPRAR","https://protechorse.com.br/manta-boots-horse-combat-tambor-algodao-azul-royal-branco-vermelho-21412","- SÃO PAULO"
"https://protechorse.com.br/manta-boots-horse-combat-tambor-algodao-bege-clarinho-preto-verde-agua-21413","https://img.irroba.com.br/fit-in/250x250/filters:format(webp):fill(fff):quality(80)/protecho/catalog/manta-combat-21012025/manta-boots-horse-combat-tambor-algodao-bege-clarinho-preto-verde-agua.jpg","Frete grátis","Manta Boots Horse Combat Tambor Algodão Bege Clari...","Boots Horse","R$ 320,00","R$ 288,00","à vista","no Pix","em","R$ 320,00","4x","de","R$ 80,00","(*) Em compras à partir de R$ 99,99","à vista no Pix *","ou","COMPRAR","https://protechorse.com.br/manta-boots-horse-combat-tambor-algodao-bege-clarinho-preto-verde-agua-21413","- SÃO PAULO"
"https://protechorse.com.br/manta-boots-horse-combat-tambor-algodao-bege-lilas-rosa-21414","https://img.irroba.com.br/fit-in/250x250/filters:format(webp):fill(fff):quality(80)/protecho/catalog/manta-combat-21012025/manta-boots-horse-combat-tambor-algodao-bege-lilas-rosa.jpg","Frete grátis","Manta Boots Horse Combat Tambor Algodão Bege Lilas...","Boots Horse","R$ 320,00","R$ 288,00","à vista","no Pix","em","R$ 320,00","4x","de","R$ 80,00","(*) Em compras à partir de R$ 99,99","à vista no Pix *","ou","COMPRAR","https://protechorse.com.br/manta-boots-horse-combat-tambor-algodao-bege-lilas-rosa-21414","- SÃO PAULO"
"https://protechorse.com.br/manta-boots-horse-combat-tambor-algodao-bege-preto-vermelho-21415","https://img.irroba.com.br/fit-in/250x250/filters:format(webp):fill(fff):quality(80)/protecho/catalog/manta-combat-21012025/manta-boots-horse-combat-tambor-algodao-bege-preto-vermelho.jpg","Frete grátis","Manta Boots Horse Combat Tambor Algodão Bege Preto...","Boots Horse","R$ 320,00","R$ 288,00","à vista","no Pix","em","R$ 320,00","4x","de","R$ 80,00","(*) Em compras à partir de R$ 99,99","à vista no Pix *","ou","COMPRAR","https://protechorse.com.br/manta-boots-horse-combat-tambor-algodao-bege-preto-vermelho-21415","- SÃO PAULO"
"https://protechorse.com.br/manta-boots-horse-combat-tambor-algodao-bege-vinho-preto-21416","https://img.irroba.com.br/fit-in/250x250/filters:format(webp):fill(fff):quality(80)/protecho/catalog/manta-combat-21012025/manta-boots-horse-combat-tambor-algodao-bege-vinho-preto.jpg","Frete grátis","Manta Boots Horse Combat Tambor Algodão Bege Vinho...","Boots Horse","R$ 320,00","R$ 288,00","à vista","no Pix","em","R$ 320,00","4x","de","R$ 80,00","(*) Em compras à partir de R$ 99,99","à vista no Pix *","ou","COMPRAR","https://protechorse.com.br/manta-boots-horse-combat-tambor-algodao-bege-vinho-preto-21416","- SÃO PAULO"
"https://protechorse.com.br/manta-boots-horse-combat-tambor-algodao-laranja-vinho-verde-21417","https://img.irroba.com.br/fit-in/250x250/filters:format(webp):fill(fff):quality(80)/protecho/catalog/manta-combat-21012025/manta-boots-horse-combat-tambor-algodao-laranja-vinho-verde.jpg","Frete grátis","Manta Boots Horse Combat Tambor Algodão Laranja Vi...","Boots Horse","R$ 320,00","R$ 288,00","à vista","no Pix","em","R$ 320,00","4x","de","R$ 80,00","(*) Em compras à partir de R$ 99,99","à vista no Pix *","ou","COMPRAR","https://protechorse.com.br/manta-boots-horse-combat-tambor-algodao-laranja-vinho-verde-21417","- SÃO PAULO"
"https://protechorse.com.br/manta-boots-horse-combat-tambor-algodao-preto-vermelho-branco-21418","https://img.irroba.com.br/fit-in/250x250/filters:format(webp):fill(fff):quality(80)/protecho/catalog/manta-combat-21012025/manta-boots-horse-combat-tambor-algodao-preto-vermelho-branco.jpg","Frete grátis","Manta Boots Horse Combat Tambor Algodão Preto Verm...","Boots Horse","R$ 320,00","R$ 288,00","à vista","no Pix","em","R$ 320,00","4x","de","R$ 80,00","(*) Em compras à partir de R$ 99,99","à vista no Pix *","ou","COMPRAR","https://protechorse.com.br/manta-boots-horse-combat-tambor-algodao-preto-vermelho-branco-21418","- SÃO PAULO"
"https://protechorse.com.br/manta-boots-horse-combat-tambor-algodao-rosa-roxo-tiffany-21419","https://img.irroba.com.br/fit-in/250x250/filters:format(webp):fill(fff):quality(80)/protecho/catalog/manta-combat-21012025/manta-boots-horse-combat-tambor-algodao-rosa-roxo-tiffany.jpg","Frete grátis","Manta Boots Horse Combat Tambor Algodão Rosa Roxo ...","Boots Horse","R$ 320,00","R$ 288,00","à vista","no Pix","em","R$ 320,00","4x","de","R$ 80,00","(*) Em compras à partir de R$ 99,99","à vista no Pix *","ou","COMPRAR","https://protechorse.com.br/manta-boots-horse-combat-tambor-algodao-rosa-roxo-tiffany-21419","- SÃO PAULO"
"https://protechorse.com.br/manta-boots-horse-combat-tambor-algodao-roxo-branco-preto-vermelho-21421","https://img.irroba.com.br/fit-in/250x250/filters:format(webp):fill(fff):quality(80)/protecho/catalog/manta-combat-21012025/manta-boots-horse-combat-tambor-algodao-roxo-branco-preto-vermelho.jpg","Frete grátis","Manta Boots Horse Combat Tambor Algodão Roxo Branc...","Boots Horse","R$ 320,00","R$ 288,00","à vista","no Pix","em","R$ 320,00","4x","de","R$ 80,00","(*) Em compras à partir de R$ 99,99","à vista no Pix *","ou","COMPRAR","https://protechorse.com.br/manta-boots-horse-combat-tambor-algodao-roxo-branco-preto-vermelho-21421","- SÃO PAULO"
"https://protechorse.com.br/manta-boots-horse-combat-tambor-algodao-tiffany-azul-rosa-21422","https://img.irroba.com.br/fit-in/250x250/filters:format(webp):fill(fff):quality(80)/protecho/catalog/manta-combat-21012025/manta-boots-horse-combat-tambor-algodao-tiffany-azul-rosa.jpg","Frete grátis","Manta Boots Horse Combat Tambor Algodão Tiffany Az...","Boots Horse","R$ 320,00","R$ 288,00","à vista","no Pix","em","R$ 320,00","4x","de","R$ 80,00","(*) Em compras à partir de R$ 99,99","à vista no Pix *","ou","COMPRAR","https://protechorse.com.br/manta-boots-horse-combat-tambor-algodao-tiffany-azul-rosa-21422","- SÃO PAULO"
"https://protechorse.com.br/manta-boots-horse-combat-tambor-algodao-vinho-branco-preto-21423","https://img.irroba.com.br/fit-in/250x250/filters:format(webp):fill(fff):quality(80)/protecho/catalog/manta-combat-21012025/manta-boots-horse-combat-tambor-algodao-vinho-branco-preto.jpg","Frete grátis","Manta Boots Horse Combat Tambor Algodão Vinho Bran...","Boots Horse","R$ 320,00","R$ 288,00","à vista","no Pix","em","R$ 320,00","4x","de","R$ 80,00","(*) Em compras à partir de R$ 99,99","à vista no Pix *","ou","COMPRAR","https://protechorse.com.br/manta-boots-horse-combat-tambor-algodao-vinho-branco-preto-21423","- SÃO PAULO"
"https://protechorse.com.br/manta-professionals-choice-comfort-fit-smx-air-ride-orthosport-preto","https://img.irroba.com.br/fit-in/250x250/filters:format(webp):fill(fff):quality(80)/protecho/catalog/cxorg/manta-professionals-choice-comfort-fit-smx-air-ride-orthosport-preto-castanho-cxorg-1.jpg","Frete grátis","Manta Professionals Choice Comfort-Fit SMx Air Rid...","Professional's Choice","R$ 2.000,00","R$ 1.800,00","à vista","no Pix","em","R$ 2.000,00","10x","de","R$ 200,00","(*) Em compras à partir de R$ 99,99","à vista no Pix *","ou","COMPRAR","https://protechorse.com.br/manta-professionals-choice-comfort-fit-smx-air-ride-orthosport-preto",""
"https://protechorse.com.br/manta-professionals-choice-comfort-fit-smx-air-ride-orthosport-castanho","https://img.irroba.com.br/fit-in/250x250/filters:format(webp):fill(fff):quality(80)/protecho/catalog/cxorg/manta-professionals-choice-comfort-fit-smx-air-ride-orthosport-castanho-esmeralda-cxorg-1.jpg","Frete grátis","Manta Professionals Choice Comfort-Fit SMx Air Rid...","Professional's Choice","R$ 2.000,00","R$ 1.800,00","à vista","no Pix","em","R$ 2.000,00","10x","de","R$ 200,00","(*) Em compras à partir de R$ 99,99","à vista no Pix *","ou","COMPRAR","https://protechorse.com.br/manta-professionals-choice-comfort-fit-smx-air-ride-orthosport-castanho",""
"https://protechorse.com.br/barrigueira-32-2x-cool-professional-s-choice-21452","https://img.irroba.com.br/fit-in/250x250/filters:format(webp):fill(fff):quality(80)/protecho/catalog/barrigueira-2x-cool/camada-1.jpg","Frete grátis","Barrigueira 32'' 2x Cool Professional's Choice - 2...","Professional's Choice","R$ 1.300,00","R$ 1.170,00","à vista","no Pix","em","R$ 1.300,00","10x","de","R$ 130,00","(*) Em compras à partir de R$ 99,99","à vista no Pix *","ou","COMPRAR","https://protechorse.com.br/barrigueira-32-2x-cool-professional-s-choice-21452",""